date,portfolio_value
2010-02-11,100000.00
2010-02-12,100000.00
2010-02-16,101487.86
2010-02-17,103210.12
2010-02-18,105166.78
2010-02-19,105166.78
2010-02-22,103254.81
2010-02-23,99223.55
2010-02-24,100972.71
2010-02-25,100972.71
2010-02-26,100972.71
2010-03-01,103987.75
2010-03-02,104612.95
2010-03-03,105194.00
2010-03-04,106355.23
2010-03-05,108621.95
2010-03-08,109125.96
2010-03-09,111057.71
2010-03-10,113775.32
2010-03-11,114823.13
2010-03-12,115085.09
2010-03-15,115074.12
2010-03-16,117250.01
2010-03-17,118139.85
2010-03-18,118139.85
2010-03-19,118139.85
2010-03-22,122770.28
2010-03-23,125337.99
2010-03-24,123555.14
2010-03-25,122781.46
2010-03-26,123420.81
2010-03-29,123228.12
2010-03-30,124520.21
2010-03-31,122841.82
2010-04-01,122598.85
2010-04-05,125202.68
2010-04-06,126156.40
2010-04-07,125443.85
2010-04-08,125893.36
2010-04-09,128161.93
2010-04-12,128238.27
2010-04-13,130171.93
2010-04-14,134759.46
2010-04-15,136561.83
2010-04-16,131700.83
2010-04-19,132737.35
2010-04-20,134699.90
2010-04-21,137070.61
2010-04-22,139099.63
2010-04-23,140941.08
2010-04-26,139795.26
2010-04-27,131167.42
2010-04-28,133184.01
2010-04-29,133184.01
2010-04-30,133154.97
2010-05-03,137020.98
2010-05-04,124907.41
2010-05-05,120992.06
2010-05-06,121018.40
2010-05-07,121018.40
2010-05-10,123452.76
2010-05-11,123371.26
2010-05-12,129866.83
2010-05-13,129838.55
2010-05-14,129866.83
2010-05-17,130356.28
2010-05-18,125373.84
2010-05-19,123210.89
2010-05-20,123210.89
2010-05-21,123210.89
2010-05-24,123553.34
2010-05-25,122682.70
2010-05-26,118887.25
2010-05-27,126806.35
2010-05-28,126833.96
2010-06-01,124610.80
2010-06-02,129720.15
2010-06-03,129663.64
2010-06-04,129720.15
2010-06-07,120998.72
2010-06-08,120324.34
2010-06-09,122757.84
2010-06-10,122757.84
2010-06-11,122757.84
2010-06-14,119282.90
2010-06-15,128304.21
2010-06-16,128304.21
2010-06-17,128304.21
2010-06-18,128332.15
2010-06-21,120535.35
2010-06-22,117683.27
2010-06-23,118120.91
2010-06-24,118120.91
2010-06-25,118120.91
2010-06-28,116945.00
2010-06-29,103894.98
2010-06-30,102343.83
2010-07-01,102321.54
2010-07-02,102321.54
2010-07-06,99069.84
2010-07-07,104055.66
2010-07-08,104078.32
2010-07-09,104055.66
2010-07-12,105652.03
2010-07-13,110284.45
2010-07-14,110284.45
2010-07-15,110284.45
2010-07-16,110284.45
2010-07-19,112129.36
2010-07-20,115671.80
2010-07-21,120042.75
2010-07-22,120042.75
2010-07-23,120068.90
2010-07-26,122173.21
2010-07-27,122147.10
2010-07-28,119650.28
2010-07-29,116800.57
2010-07-30,113833.39
2010-08-02,115650.55
2010-08-03,114455.04
2010-08-04,117760.94
2010-08-05,117065.76
2010-08-06,116516.72
2010-08-09,116975.69
2010-08-10,114495.87
2010-08-11,108417.21
2010-08-12,108417.21
2010-08-13,108417.21
2010-08-16,110680.82
2010-08-17,116916.00
2010-08-18,116890.54
2010-08-19,116890.54
2010-08-20,116916.00
2010-08-23,111178.21
2010-08-24,104798.91
2010-08-25,102758.83
2010-08-26,102736.46
2010-08-27,102736.46
2010-08-30,100960.66
2010-08-31,100460.52
2010-09-01,104328.31
2010-09-02,104351.02
2010-09-03,104351.02
2010-09-07,103176.33
2010-09-08,108336.77
2010-09-09,108336.77
2010-09-10,108336.77
2010-09-13,110232.45
2010-09-14,111628.61
2010-09-15,113524.28
2010-09-16,115124.87
2010-09-17,116350.59
2010-09-20,121053.81
2010-09-21,120672.32
2010-09-22,120099.89
2010-09-23,119740.38
2010-09-24,125005.26
2010-09-27,122980.02
2010-09-28,123289.00
2010-09-29,122317.98
2010-09-30,122317.98
2010-10-01,122317.98
2010-10-04,119267.73
2010-10-05,126275.59
2010-10-06,126275.59
2010-10-07,126275.59
2010-10-08,126275.59
2010-10-11,126175.86
2010-10-12,127862.80
2010-10-13,127862.80
2010-10-14,127890.64
2010-10-15,127862.80
2010-10-18,127659.64
2010-10-19,122583.24
2010-10-20,123781.28
2010-10-21,123781.28
2010-10-22,123808.25
2010-10-25,124167.70
2010-10-26,124911.96
2010-10-27,126197.78
2010-10-28,126922.73
2010-10-29,126313.59
2010-11-01,125328.07
2010-11-02,128610.20
2010-11-03,128638.25
2010-11-04,128638.25
2010-11-05,128638.25
2010-11-08,129622.40
2010-11-09,127526.73
2010-11-10,129476.51
2010-11-11,127298.97
2010-11-12,120821.28
2010-11-15,117516.03
2010-11-16,111684.61
2010-11-17,111881.37
2010-11-18,111857.02
2010-11-19,111857.02
2010-11-22,116187.23
2010-11-23,110699.31
2010-11-24,117164.49
2010-11-26,116427.26
2010-11-29,116742.05
2010-11-30,112304.02
2010-12-01,117456.89
2010-12-02,117456.89
2010-12-03,117482.47
2010-12-06,117225.93
2010-12-07,121557.57
2010-12-08,121557.57
2010-12-09,121584.04
2010-12-10,121584.04
2010-12-13,118640.98
2010-12-14,119137.76
2010-12-15,119040.15
2010-12-16,119040.15
2010-12-17,119066.07
2010-12-20,118736.40
2010-12-21,120693.71
2010-12-22,120821.64
2010-12-23,119902.80
2010-12-27,120925.91
2010-12-28,120402.30
2010-12-29,121119.21
2010-12-30,120208.99
2010-12-31,119105.48
2011-01-03,121262.87
2011-01-04,121074.57
2011-01-05,124079.47
2011-01-06,125201.42
2011-01-07,124910.99
2011-01-10,127282.83
2011-01-11,127867.84
2011-01-12,130461.03
2011-01-13,130872.07
2011-01-14,133575.76
2011-01-18,138171.01
2011-01-19,133543.40
2011-01-20,130544.43
2011-01-21,132449.13
2011-01-24,137152.44
2011-01-25,137629.33
2011-01-26,139763.43
2011-01-27,142457.97
2011-01-28,131712.91
2011-01-31,133138.60
2011-02-01,140840.66
2011-02-02,140840.66
2011-02-03,140840.66
2011-02-04,140871.33
2011-02-07,142030.43
2011-02-08,145058.77
2011-02-09,144177.10
2011-02-10,144879.18
2011-02-11,147850.16
2011-02-14,148846.00
2011-02-15,148462.20
2011-02-16,151205.89
2011-02-17,151075.13
2011-02-18,150217.85
2011-02-22,142713.40
2011-02-23,139191.59
2011-02-24,140169.97
2011-02-25,140169.97
2011-02-28,139593.45
2011-03-01,132882.83
2011-03-02,132626.69
2011-03-03,132597.80
2011-03-04,132626.69
2011-03-07,125767.33
2011-03-08,127079.49
2011-03-09,126035.60
2011-03-10,126035.60
2011-03-11,126063.05
2011-03-14,126873.98
2011-03-15,121686.21
2011-03-16,118649.60
2011-03-17,118649.60
2011-03-18,118649.60
2011-03-21,119982.68
2011-03-22,119654.57
2011-03-23,121466.67
2011-03-24,128074.14
2011-03-25,129355.09
2011-03-28,125460.97
2011-03-29,129061.32
2011-03-30,130961.94
2011-03-31,131518.23
2011-04-01,133511.70
2011-04-04,131182.36
2011-04-05,129691.48
2011-04-06,132797.58
2011-04-07,132826.50
2011-04-08,132797.58
2011-04-11,130088.18
2011-04-12,127521.74
2011-04-13,130278.30
2011-04-14,130249.94
2011-04-15,130278.30
2011-04-18,131551.41
2011-04-19,133923.49
2011-04-20,142324.41
2011-04-21,142324.41
2011-04-25,142897.62
2011-04-26,145354.55
2011-04-27,148369.88
2011-04-28,148146.58
2011-04-29,147428.58
2011-05-02,146030.92
2011-05-03,143838.17
2011-05-04,143822.30
2011-05-05,143822.30
2011-05-06,143822.30
2011-05-09,144671.07
2011-05-10,148384.49
2011-05-11,145183.34
2011-05-12,147744.07
2011-05-13,142510.45
2011-05-16,136928.71
2011-05-17,138048.09
2011-05-18,137545.39
2011-05-19,137605.32
2011-05-20,137575.35
2011-05-23,137241.52
2011-05-24,134655.51
2011-05-25,134004.52
2011-05-26,134004.52
2011-05-27,134004.52
2011-05-31,136491.32
2011-06-01,127770.60
2011-06-02,128341.67
2011-06-03,128341.67
2011-06-06,125854.50
2011-06-07,125124.53
2011-06-08,124264.33
2011-06-09,124237.27
2011-06-10,124264.33
2011-06-13,123819.47
2011-06-14,128149.26
2011-06-15,128149.26
2011-06-16,128149.26
2011-06-17,128149.26
2011-06-20,131131.51
2011-06-21,139575.45
2011-06-22,139605.85
2011-06-23,139605.85
2011-06-24,139575.45
2011-06-27,145695.97
2011-06-28,149431.77
2011-06-29,149464.31
2011-06-30,149464.31
2011-07-01,149431.77
2011-07-05,151109.13
2011-07-06,152719.33
2011-07-07,158900.20
2011-07-08,157584.52
2011-07-11,153867.93
2011-07-12,150116.63
2011-07-13,153457.06
2011-07-14,153457.06
2011-07-15,153457.06
2011-07-18,153186.82
2011-07-19,157795.69
2011-07-20,157761.33
2011-07-21,157761.33
2011-07-22,157795.69
2011-07-25,160845.65
2011-07-26,161729.34
2011-07-27,149460.58
2011-07-28,149737.73
2011-07-29,149737.73
2011-08-01,142520.86
2011-08-02,131702.55
2011-08-03,132039.15
2011-08-04,132039.15
2011-08-05,132039.15
2011-08-08,119336.18
2011-08-09,135189.36
2011-08-10,135189.36
2011-08-11,135189.36
2011-08-12,135189.36
2011-08-15,139252.90
2011-08-16,135674.08
2011-08-17,133473.15
2011-08-18,114117.38
2011-08-19,110230.11
2011-08-22,103894.48
2011-08-23,113253.76
2011-08-24,113253.76
2011-08-25,113204.41
2011-08-26,113253.76
2011-08-29,119128.92
2011-08-30,122314.17
2011-08-31,122314.17
2011-09-01,122314.17
2011-09-02,122314.17
2011-09-06,131559.44
2011-09-07,137270.43
2011-09-08,137270.43
2011-09-09,137300.36
2011-09-12,147275.27
2011-09-13,149799.38
2011-09-14,149799.38
2011-09-15,149799.38
2011-09-16,149799.38
2011-09-19,155723.47
2011-09-20,153517.03
2011-09-21,145709.74
2011-09-22,134634.34
2011-09-23,134663.69
2011-09-26,137106.20
2011-09-27,144596.68
2011-09-28,144628.22
2011-09-29,144628.22
2011-09-30,144628.22
2011-10-03,137185.91
2011-10-04,145533.41
2011-10-05,149657.18
2011-10-06,149624.56
2011-10-07,149657.18
2011-10-10,156972.32
2011-10-11,160324.61
2011-10-12,165097.52
2011-10-13,165133.52
2011-10-14,165097.52
2011-10-17,159725.70
2011-10-18,165518.99
2011-10-19,155975.81
2011-10-20,155617.85
2011-10-21,155583.92
2011-10-24,163384.44
2011-10-25,154121.32
2011-10-26,153512.10
2011-10-27,164217.53
2011-10-28,164217.53
2011-10-31,160401.15
2011-11-01,147980.32
2011-11-02,152244.12
2011-11-03,152210.83
2011-11-04,152244.12
2011-11-07,155610.09
2011-11-08,160797.81
2011-11-09,144165.63
2011-11-10,148383.17
2011-11-11,148350.82
2011-11-14,146726.48
2011-11-15,151443.56
2011-11-16,143978.56
2011-11-17,142945.33
2011-11-18,142945.33
2011-11-21,140065.98
2011-11-22,141284.31
2011-11-23,131893.15
2011-11-25,130453.70
2011-11-28,134079.27
2011-11-29,131656.89
2011-11-30,142431.68
2011-12-01,142400.53
2011-12-02,142431.68
2011-12-05,140358.27
2011-12-06,139283.41
2011-12-07,138227.36
2011-12-08,138227.36
2011-12-09,138197.14
2011-12-12,137920.81
2011-12-13,140546.53
2011-12-14,140577.27
2011-12-15,140546.53
2011-12-16,140577.27
2011-12-19,134821.07
2011-12-20,144106.45
2011-12-21,144106.45
2011-12-22,144106.45
2011-12-23,144106.45
2011-12-27,145732.34
2011-12-28,141054.15
2011-12-29,141452.89
2011-12-30,141452.89
2012-01-03,141531.66
2012-01-04,143225.40
2012-01-05,146750.91
2012-01-06,148267.30
2012-01-09,145856.98
2012-01-10,148846.51
2012-01-11,149881.91
2012-01-12,151660.09
2012-01-13,149920.91
2012-01-17,149750.13
2012-01-18,153266.12
2012-01-19,153266.12
2012-01-20,153266.12
2012-01-23,153317.98
2012-01-24,152470.06
2012-01-25,158294.81
2012-01-26,156617.35
2012-01-27,158165.64
2012-01-30,162572.50
2012-01-31,163140.11
2012-02-01,167149.80
2012-02-02,168871.19
2012-02-03,173543.29
2012-02-06,175358.37
2012-02-07,176114.60
2012-02-08,179045.46
2012-02-09,183016.44
2012-02-10,179102.10
2012-02-13,179858.41
2012-02-14,181430.08
2012-02-15,177380.38
2012-02-16,184795.30
2012-02-17,183223.65
2012-02-21,184071.02
2012-02-22,181639.57
2012-02-23,185083.91
2012-02-24,186889.35
2012-02-27,191068.98
2012-02-28,196784.95
2012-02-29,194198.82
2012-03-01,198921.65
2012-03-02,198321.80
2012-03-05,192294.96
2012-03-06,186780.63
2012-03-07,189368.89
2012-03-08,189410.07
2012-03-09,189410.07
2012-03-12,189945.25
2012-03-13,200645.38
2012-03-14,202892.23
2012-03-15,205442.45
2012-03-16,205442.45
2012-03-19,208919.05
2012-03-20,210062.92
2012-03-21,209991.53
2012-03-22,208722.41
2012-03-23,208436.51
2012-03-26,215315.46
2012-03-27,216139.92
2012-03-28,213613.00
2012-03-29,211419.62
2012-03-30,209945.59
2012-04-02,216948.82
2012-04-03,216966.72
2012-04-04,208115.59
2012-04-05,211916.46
2012-04-09,215227.52
2012-04-10,204837.27
2012-04-11,210507.94
2012-04-12,210462.19
2012-04-13,210416.11
2012-04-16,200490.33
2012-04-17,212308.69
2012-04-18,210757.52
2012-04-19,203943.33
2012-04-20,206898.19
2012-04-23,207014.83
2012-04-24,203360.38
2012-04-25,215995.00
2012-04-26,216041.96
2012-04-27,215995.00
2012-04-30,213403.79
2012-05-01,214615.57
2012-05-02,216032.05
2012-05-03,209321.85
2012-05-04,203599.37
2012-05-07,207847.21
2012-05-08,205553.76
2012-05-09,204416.79
2012-05-10,202322.48
2012-05-11,202123.35
2012-05-14,201343.68
2012-05-15,207923.06
2012-05-16,207923.06
2012-05-17,207923.06
2012-05-18,207923.06
2012-05-21,224060.24
2012-05-22,225884.84
2012-05-23,225884.84
2012-05-24,225983.46
2012-05-25,225983.46
2012-05-29,227908.46
2012-05-30,222373.27
2012-05-31,221603.00
2012-06-01,221603.00
2012-06-04,224377.20
2012-06-05,227465.99
2012-06-06,241234.43
2012-06-07,241234.43
2012-06-08,241234.43
2012-06-11,225028.79
2012-06-12,232131.42
2012-06-13,230330.79
2012-06-14,230330.79
2012-06-15,230280.72
2012-06-18,238923.34
2012-06-19,248394.20
2012-06-20,248394.20
2012-06-21,248502.63
2012-06-22,248448.60
2012-06-25,239859.50
2012-06-26,244496.16
2012-06-27,247288.98
2012-06-28,247342.74
2012-06-29,247234.84
2012-07-02,248467.21
2012-07-03,254383.10
2012-07-05,255270.48
2012-07-06,245213.48
2012-07-09,244723.87
2012-07-10,237219.89
2012-07-11,236775.33
2012-07-12,236775.33
2012-07-13,236827.18
2012-07-16,236279.40
2012-07-17,239898.86
2012-07-18,242724.45
2012-07-19,242777.61
2012-07-20,242724.45
2012-07-23,248401.02
2012-07-24,242725.91
2012-07-25,237309.34
2012-07-26,247987.99
2012-07-27,248041.91
2012-07-30,245258.55
2012-07-31,245402.27
2012-08-01,243003.09
2012-08-02,237292.65
2012-08-03,237292.65
2012-08-06,238703.35
2012-08-07,244610.16
2012-08-08,244213.21
2012-08-09,246285.12
2012-08-10,247299.09
2012-08-13,249029.98
2012-08-14,249382.84
2012-08-15,251147.90
2012-08-16,260148.96
2012-08-17,263722.72
2012-08-20,265225.81
2012-08-21,262175.92
2012-08-22,265004.71
2012-08-23,259125.63
2012-08-24,256915.55
2012-08-27,254832.75
2012-08-28,254790.30
2012-08-29,254875.19
2012-08-30,247096.53
2012-08-31,252494.90
2012-09-04,252965.23
2012-09-05,251810.16
2012-09-06,268454.92
2012-09-07,267299.43
2012-09-10,259033.77
2012-09-11,257914.62
2012-09-12,260411.26
2012-09-13,260411.26
2012-09-14,260411.26
2012-09-17,260048.60
2012-09-18,260531.87
2012-09-19,262263.58
2012-09-20,261659.67
2012-09-21,261659.67
2012-09-24,263493.43
2012-09-25,252915.57
2012-09-26,251469.32
2012-09-27,251524.40
2012-09-28,251469.32
2012-10-01,246889.59
2012-10-02,248484.47
2012-10-03,253186.66
2012-10-04,256130.69
2012-10-05,259892.39
2012-10-08,257287.49
2012-10-09,244064.81
2012-10-10,244880.43
2012-10-11,244880.43
2012-10-12,244826.81
2012-10-15,247134.71
2012-10-16,257889.07
2012-10-17,257105.36
2012-10-18,248310.50
2012-10-19,230371.79
2012-10-22,234473.22
2012-10-23,227535.69
2012-10-24,225267.17
2012-10-25,230197.13
2012-10-26,230197.13
2012-10-31,226696.81
2012-11-01,233963.70
2012-11-02,233963.70
2012-11-05,238303.63
2012-11-06,239752.57
2012-11-07,222549.53
2012-11-08,224088.87
2012-11-09,224088.87
2012-11-12,220235.61
2012-11-13,215454.01
2012-11-14,218518.00
2012-11-15,218518.00
2012-11-16,218518.00
2012-11-19,226624.26
2012-11-20,226671.78
2012-11-21,228274.06
2012-11-23,235297.22
2012-11-26,239975.24
2012-11-27,237261.92
2012-11-28,243623.99
2012-11-29,247834.06
2012-11-30,246945.34
2012-12-03,240267.58
2012-12-04,238712.31
2012-12-05,238392.22
2012-12-06,238392.22
2012-12-07,238392.22
2012-12-10,242329.46
2012-12-11,251675.46
2012-12-12,249967.57
2012-12-13,244322.00
2012-12-14,237395.75
2012-12-17,246253.45
2012-12-18,254636.92
2012-12-19,254581.15
2012-12-20,254581.15
2012-12-21,254581.15
2012-12-24,253799.67
2012-12-26,247793.32
2012-12-27,248187.02
2012-12-28,248241.38
2012-12-31,266049.75
2013-01-02,266049.75
2013-01-03,266049.75
2013-01-04,266108.01
2013-01-07,268615.26
2013-01-08,267060.31
2013-01-09,269781.25
2013-01-10,274542.23
2013-01-11,275562.24
2013-01-14,276461.92
2013-01-15,272363.55
2013-01-16,275425.24
2013-01-17,279671.49
2013-01-18,278091.60
2013-01-22,278485.87
2013-01-23,283016.33
2013-01-24,271739.13
2013-01-25,274545.90
2013-01-28,276161.50
2013-01-29,276161.50
2013-01-30,274643.68
2013-01-31,272880.94
2013-02-01,281841.28
2013-02-04,272079.99
2013-02-05,284032.96
2013-02-06,281393.26
2013-02-07,282090.35
2013-02-08,286871.56
2013-02-11,286073.16
2013-02-12,282738.90
2013-02-13,285288.93
2013-02-14,285351.11
2013-02-15,285288.93
2013-02-19,289524.37
2013-02-20,276317.24
2013-02-21,273322.39
2013-02-22,273381.97
2013-02-25,257941.84
2013-02-26,261049.06
2013-02-27,261383.61
2013-02-28,261383.61
2013-03-01,261383.61
2013-03-04,267337.67
2013-03-05,279080.58
2013-03-06,281923.05
2013-03-07,281984.50
2013-03-08,281923.05
2013-03-11,285353.49
2013-03-12,281876.01
2013-03-13,280983.19
2013-03-14,283849.82
2013-03-15,281170.88
2013-03-18,286720.02
2013-03-19,285561.95
2013-03-20,291014.64
2013-03-21,281701.84
2013-03-22,289470.68
2013-03-25,283674.88
2013-03-26,288022.12
2013-03-27,289550.68
2013-03-28,291222.81
2013-04-01,284698.34
2013-04-02,291127.85
2013-04-03,283412.70
2013-04-04,283126.95
2013-04-05,283188.66
2013-04-08,287280.82
2013-04-09,292931.75
2013-04-10,303990.45
2013-04-11,303924.20
2013-04-12,303990.45
2013-04-15,289038.29
2013-04-16,301111.61
2013-04-17,283510.66
2013-04-18,285886.47
2013-04-19,285948.79
2013-04-22,291468.09
2013-04-23,300058.97
2013-04-24,299331.15
2013-04-25,307533.92
2013-04-26,307533.92
2013-04-29,313098.01
2013-04-30,319969.89
2013-05-01,315895.95
2013-05-02,327332.28
2013-05-03,337001.15
2013-05-06,339379.79
2013-05-07,338554.46
2013-05-08,343846.26
2013-05-09,342632.24
2013-05-10,348457.68
2013-05-13,351607.39
2013-05-14,356779.68
2013-05-15,359414.54
2013-05-16,358096.86
2013-05-17,368197.37
2013-05-20,369346.25
2013-05-21,370723.09
2013-05-22,361676.13
2013-05-23,351301.87
2013-05-24,351301.87
2013-05-28,346371.97
2013-05-29,341144.97
2013-05-30,341238.62
2013-05-31,341312.99
2013-06-03,342464.96
2013-06-04,337322.63
2013-06-05,324395.74
2013-06-06,325292.04
2013-06-07,325362.95
2013-06-10,323445.85
2013-06-11,314082.24
2013-06-12,319834.37
2013-06-13,319904.09
2013-06-14,319834.37
2013-06-17,321279.79
2013-06-18,328869.09
2013-06-19,318524.25
2013-06-20,295033.91
2013-06-21,295259.41
2013-06-24,293174.72
2013-06-25,302195.50
2013-06-26,302195.50
2013-06-27,302129.65
2013-06-28,302129.65
2013-07-01,301285.30
2013-07-02,301418.81
2013-07-03,305506.90
2013-07-05,311416.99
2013-07-08,307510.66
2013-07-09,313137.65
2013-07-10,318240.80
2013-07-11,318240.80
2013-07-12,318240.80
2013-07-15,319698.21
2013-07-16,318443.28
2013-07-17,320710.24
2013-07-18,318362.46
2013-07-19,308686.85
2013-07-22,307645.46
2013-07-23,300795.74
2013-07-24,309728.60
2013-07-25,309593.62
2013-07-26,309593.62
2013-07-29,309752.31
2013-07-30,314353.44
2013-07-31,316336.63
2013-08-01,325975.67
2013-08-02,331409.97
2013-08-05,333280.82
2013-08-06,327349.94
2013-08-07,325479.09
2013-08-08,330892.59
2013-08-09,330964.73
2013-08-12,337053.64
2013-08-13,342652.19
2013-08-14,338851.56
2013-08-15,321851.94
2013-08-16,321933.55
2013-08-19,319521.94
2013-08-20,323895.66
2013-08-21,320666.60
2013-08-22,329618.07
2013-08-23,329689.93
2013-08-26,329458.13
2013-08-27,308722.37
2013-08-28,308522.54
2013-08-29,308589.80
2013-08-30,308589.80
2013-09-03,306178.80
2013-09-04,317205.73
2013-09-05,317205.73
2013-09-06,317205.73
2013-09-09,324537.63
2013-09-10,329450.98
2013-09-11,327788.16
2013-09-12,326314.03
2013-09-13,327372.38
2013-09-16,316753.88
2013-09-17,323096.81
2013-09-18,336336.42
2013-09-19,336336.42
2013-09-20,336263.11
2013-09-23,329732.90
2013-09-24,329806.16
2013-09-25,330283.36
2013-09-26,330283.36
2013-09-27,330283.36
2013-09-30,338589.33
2013-10-01,348736.83
2013-10-02,348097.86
2013-10-03,335995.90
2013-10-04,344639.95
2013-10-07,344871.34
2013-10-08,325358.08
2013-10-09,327132.12
2013-10-10,327060.55
2013-10-11,326989.17
2013-10-14,339792.76
2013-10-15,336160.59
2013-10-16,347643.47
2013-10-17,352192.73
2013-10-18,352269.81
2013-10-21,352269.81
2013-10-22,353483.04
2013-10-23,347798.26
2013-10-24,352131.06
2013-10-25,359167.51
2013-10-28,359296.69
2013-10-29,361026.80
2013-10-30,359884.69
2013-10-31,357566.26
2013-11-01,357393.17
2013-11-04,355270.85
2013-11-05,356777.00
2013-11-06,356160.79
2013-11-07,336408.39
2013-11-08,339934.32
2013-11-11,340436.61
2013-11-12,342111.20
2013-11-13,354367.68
2013-11-14,357113.49
2013-11-15,359591.76
2013-11-18,349841.26
2013-11-19,346390.12
2013-11-20,349405.70
2013-11-21,349482.17
2013-11-22,349405.70
2013-11-25,348322.90
2013-11-26,354086.47
2013-11-27,358561.99
2013-11-29,358405.30
2013-12-02,354231.39
2013-12-03,353199.82
2013-12-04,348760.08
2013-12-05,348760.08
2013-12-06,348760.08
2013-12-09,348743.90
2013-12-10,348115.77
2013-12-11,335107.55
2013-12-12,335226.98
2013-12-13,335226.98
2013-12-16,336123.03
2013-12-17,334002.33
2013-12-18,345532.94
2013-12-19,342426.31
2013-12-20,352732.12
2013-12-23,355326.40
2013-12-24,355822.01
2013-12-26,359290.47
2013-12-27,356667.07
2013-12-30,356667.07
2013-12-31,363670.32
2014-01-02,355172.51
2014-01-03,347436.72
2014-01-06,343379.94
2014-01-07,352278.46
2014-01-08,356873.98
2014-01-09,356796.09
2014-01-10,356873.98
2014-01-13,342387.30
2014-01-14,361988.68
2014-01-15,366275.50
2014-01-16,366275.50
2014-01-17,366195.55
2014-01-21,367390.19
2014-01-22,370799.05
2014-01-23,366341.23
2014-01-24,344633.86
2014-01-27,334215.04
2014-01-28,334098.54
2014-01-29,325251.55
2014-01-30,325251.55
2014-01-31,325180.57
2014-02-03,305384.40
2014-02-04,311350.16
2014-02-05,308142.11
2014-02-06,308142.11
2014-02-07,308209.38
2014-02-10,313640.82
2014-02-11,324381.68
2014-02-12,325923.40
2014-02-13,333015.40
2014-02-14,333015.40
2014-02-18,336519.78
2014-02-19,329155.42
2014-02-20,333929.61
2014-02-21,332202.66
2014-02-24,335988.54
2014-02-25,334777.05
2014-02-26,333666.33
2014-02-27,340228.79
2014-02-28,338512.34
2014-03-03,340253.92
2014-03-04,353949.13
2014-03-05,356854.26
2014-03-06,355505.41
2014-03-07,350421.74
2014-03-10,351720.67
2014-03-11,347355.98
2014-03-12,351253.01
2014-03-13,336340.55
2014-03-14,332703.17
2014-03-17,335330.58
2014-03-18,347385.75
2014-03-19,341667.28
2014-03-20,344346.14
2014-03-21,331724.15
2014-03-24,319339.99
2014-03-25,322290.88
2014-03-26,327276.43
2014-03-27,327276.43
2014-03-28,327276.43
2014-03-31,326444.71
2014-04-01,336591.39
2014-04-02,336591.39
2014-04-03,336664.87
2014-04-04,336591.39
2014-04-07,333139.04
2014-04-08,342443.30
2014-04-09,346071.17
2014-04-10,346071.17
2014-04-11,346071.17
2014-04-14,345319.14
2014-04-15,348765.93
2014-04-16,357728.04
2014-04-17,357806.13
2014-04-21,362864.53
2014-04-22,371759.67
2014-04-23,361637.48
2014-04-24,372311.76
2014-04-25,354337.17
2014-04-28,353429.06
2014-04-29,363236.45
2014-04-30,363236.45
2014-05-01,363157.01
2014-05-02,363236.45
2014-05-05,375405.02
2014-05-06,360890.98
2014-05-07,357645.44
2014-05-08,354093.29
2014-05-09,354170.76
2014-05-12,364724.92
2014-05-13,365492.96
2014-05-14,360058.90
2014-05-15,351730.81
2014-05-16,358286.96
2014-05-19,369171.66
2014-05-20,365120.27
2014-05-21,375427.78
2014-05-22,380075.19
2014-05-23,386093.07
2014-05-27,394997.94
2014-05-28,391262.03
2014-05-29,399200.68
2014-05-30,398850.45
2014-06-02,396205.43
2014-06-03,395624.26
2014-06-04,399809.51
2014-06-05,407366.13
2014-06-06,407366.13
2014-06-09,405779.04
2014-06-10,408103.35
2014-06-11,407479.68
2014-06-12,396822.12
2014-06-13,401924.10
2014-06-16,404581.62
2014-06-17,405153.47
2014-06-18,412531.30
2014-06-19,410930.02
2014-06-20,412417.12
2014-06-23,412898.86
2014-06-24,411755.12
2014-06-25,419247.64
2014-06-26,420391.64
2014-06-27,424566.86
2014-06-30,426871.50
2014-07-01,441199.30
2014-07-02,442911.81
2014-07-03,451417.34
2014-07-07,448724.81
2014-07-08,433083.62
2014-07-09,436291.87
2014-07-10,436291.87
2014-07-11,436291.87
2014-07-14,438723.21
2014-07-15,434136.68
2014-07-16,439054.78
2014-07-17,421537.01
2014-07-18,428720.95
2014-07-21,430179.98
2014-07-22,438718.82
2014-07-23,446933.40
2014-07-24,445366.07
2014-07-25,439907.68
2014-07-28,439164.93
2014-07-29,436955.57
2014-07-30,442182.35
2014-07-31,415239.91
2014-08-01,412653.42
2014-08-04,418212.59
2014-08-05,408420.33
2014-08-06,407720.99
2014-08-07,403793.45
2014-08-08,405891.76
2014-08-11,408809.22
2014-08-12,407866.28
2014-08-13,421119.77
2014-08-14,427615.35
2014-08-15,433430.05
2014-08-18,437048.87
2014-08-19,444578.68
2014-08-20,444578.68
2014-08-21,447106.03
2014-08-22,448859.51
2014-08-25,447135.42
2014-08-26,448659.75
2014-08-27,448710.72
2014-08-28,446881.51
2014-08-29,452114.96
2014-09-02,452318.77
2014-09-03,444554.80
2014-09-04,447529.33
2014-09-05,447627.04
2014-09-08,449984.49
2014-09-09,439049.82
2014-09-10,440604.70
2014-09-11,440508.54
2014-09-12,440508.54
2014-09-15,426094.37
2014-09-16,437615.79
2014-09-17,439760.38
2014-09-18,449236.81
2014-09-19,455321.79
2014-09-22,445889.37
2014-09-23,442013.48
2014-09-24,443033.57
2014-09-25,443033.57
2014-09-26,443033.57
2014-09-29,455234.52
2014-09-30,456924.77
2014-10-01,435058.34
2014-10-02,434582.97
2014-10-03,434393.22
2014-10-06,428141.16
2014-10-07,410045.66
2014-10-08,410858.88
2014-10-09,410858.88
2014-10-10,410858.88
2014-10-13,393258.47
2014-10-14,393973.67
2014-10-15,375658.31
2014-10-16,375740.38
2014-10-17,375740.38
2014-10-20,393357.11
2014-10-21,407503.28
2014-10-22,407592.29
2014-10-23,407503.28
2014-10-24,407503.28
2014-10-27,411217.13
2014-10-28,429593.08
2014-10-29,424432.30
2014-10-30,427085.15
2014-10-31,448595.95
2014-11-03,450919.57
2014-11-04,446127.21
2014-11-05,446078.90
2014-11-06,449903.01
2014-11-07,448789.56
2014-11-10,452852.26
2014-11-11,457155.56
2014-11-12,459669.72
2014-11-13,465568.56
2014-11-14,469871.64
2014-11-17,468902.84
2014-11-18,479423.55
2014-11-19,473335.11
2014-11-20,479618.25
2014-11-21,492330.78
2014-11-24,500122.09
2014-11-25,501749.39
2014-11-26,512006.19
2014-11-28,519649.58
2014-12-01,505006.49
2014-12-02,510430.15
2014-12-03,514062.72
2014-12-04,514062.72
2014-12-05,514175.01
2014-12-08,507247.08
2014-12-09,512167.00
2014-12-10,487366.89
2014-12-11,491985.59
2014-12-12,492093.06
2014-12-15,470326.52
2014-12-16,446983.14
2014-12-17,447847.54
2014-12-18,447945.45
2014-12-19,447847.54
2014-12-22,453345.62
2014-12-23,449009.63
2014-12-24,449948.32
2014-12-26,459067.08
2014-12-29,460411.77
2014-12-30,450909.45
2014-12-31,452747.18
2015-01-02,452648.23
2015-01-05,438629.25
2015-01-06,421236.18
2015-01-07,429267.33
2015-01-08,429267.33
2015-01-09,429267.33
2015-01-12,413299.01
2015-01-13,412941.12
2015-01-14,399835.62
2015-01-15,399835.62
2015-01-16,399835.62
2015-01-20,401923.53
2015-01-21,408100.21
2015-01-22,430806.23
2015-01-23,432198.24
2015-01-26,432546.15
2015-01-27,399066.01
2015-01-28,417371.48
2015-01-29,417371.48
2015-01-30,417371.48
2015-02-02,426116.98
2015-02-03,437747.55
2015-02-04,436602.65
2015-02-05,448187.51
2015-02-06,450568.50
2015-02-09,450995.45
2015-02-10,472586.68
2015-02-11,477901.37
2015-02-12,487439.45
2015-02-13,487546.18
2015-02-17,488960.95
2015-02-18,491060.00
2015-02-19,498452.58
2015-02-20,508035.54
2015-02-23,510476.02
2015-02-24,511526.33
2015-02-25,507415.87
2015-02-26,515134.55
2015-02-27,508329.35
2015-03-02,519118.15
2015-03-03,511669.72
2015-03-04,505992.72
2015-03-05,508218.06
2015-03-06,490732.55
2015-03-09,492057.85
2015-03-10,464814.11
2015-03-11,466077.03
2015-03-12,465975.00
2015-03-13,466077.03
2015-03-16,478509.03
2015-03-17,481178.77
2015-03-18,495024.96
2015-03-19,497423.05
2015-03-20,509278.37
2015-03-23,506481.26
2015-03-24,501337.65
2015-03-25,503932.17
2015-03-26,503932.17
2015-03-27,503932.17
2015-03-30,511844.36
2015-03-31,495999.71
2015-04-01,495325.38
2015-04-02,495433.65
2015-04-06,516675.67
2015-04-07,514287.81
2015-04-08,526525.63
2015-04-09,534883.20
2015-04-10,534883.20
2015-04-13,529388.97
2015-04-14,524842.54
2015-04-15,529339.90
2015-04-16,529455.62
2015-04-17,529339.90
2015-04-20,544727.92
2015-04-21,551711.07
2015-04-22,560653.34
2015-04-23,571504.67
2015-04-24,571504.67
2015-04-27,560969.29
2015-04-28,557313.32
2015-04-29,547980.64
2015-04-30,547980.64
2015-05-01,547860.88
2015-05-04,545424.22
2015-05-05,519571.32
2015-05-06,521741.79
2015-05-07,521627.76
2015-05-08,521741.79
2015-05-11,514468.07
2015-05-12,507823.01
2015-05-13,514421.15
2015-05-14,514308.73
2015-05-15,514308.73
2015-05-18,523317.09
2015-05-19,521819.31
2015-05-20,522681.85
2015-05-21,530896.89
2015-05-22,529444.39
2015-05-26,514770.68
2015-05-27,539546.71
2015-05-28,535569.76
2015-05-29,526518.69
2015-06-01,523032.57
2015-06-02,518261.02
2015-06-03,525643.40
2015-06-04,525528.51
2015-06-05,525528.51
2015-06-08,510443.80
2015-06-09,507921.94
2015-06-10,512872.40
2015-06-11,512984.51
2015-06-12,512872.40
2015-06-15,517196.92
2015-06-16,525101.41
2015-06-17,529503.29
2015-06-18,554352.51
2015-06-19,554352.51
2015-06-22,554352.73
2015-06-23,555719.73
2015-06-24,547186.97
2015-06-25,543604.22
2015-06-26,543132.64
2015-06-29,523184.64
2015-06-30,529154.24
2015-07-01,543481.21
2015-07-02,543481.21
2015-07-06,550134.54
2015-07-07,552935.24
2015-07-08,525234.95
2015-07-09,546417.50
2015-07-10,546417.50
2015-07-13,560183.19
2015-07-14,571423.55
2015-07-15,574146.92
2015-07-16,591824.35
2015-07-17,591954.05
2015-07-20,593501.42
2015-07-21,591870.84
2015-07-22,572444.64
2015-07-23,574121.76
2015-07-24,574247.60
2015-07-27,569513.38
2015-07-28,587501.07
2015-07-29,587629.82
2015-07-30,587629.82
2015-07-31,587629.82
2015-08-03,581882.19
2015-08-04,578131.51
2015-08-05,587727.32
2015-08-06,587727.32
2015-08-07,587727.32
2015-08-10,596341.74
2015-08-11,573604.13
2015-08-12,562034.92
2015-08-13,562034.92
2015-08-14,561912.09
2015-08-17,580177.21
2015-08-18,570922.17
2015-08-19,560198.12
2015-08-20,514069.96
2015-08-21,492132.22
2015-08-24,532051.77
2015-08-25,532051.77
2015-08-26,532168.37
2015-08-27,532051.77
2015-08-28,532168.37
2015-08-31,520970.61
2015-09-01,473709.62
2015-09-02,497751.79
2015-09-03,497860.87
2015-09-04,497751.79
2015-09-08,511026.53
2015-09-09,493238.18
2015-09-10,509008.63
2015-09-11,517239.12
2015-09-14,506836.01
2015-09-15,529201.00
2015-09-16,529201.00
2015-09-17,529201.00
2015-09-18,529201.00
2015-09-21,525674.25
2015-09-22,502484.55
2015-09-23,506011.11
2015-09-24,506011.11
2015-09-25,506011.11
2015-09-28,469001.62
2015-09-29,462052.20
2015-09-30,481261.89
2015-10-01,481367.08
2015-10-02,481367.08
2015-10-05,491729.56
2015-10-06,484700.65
2015-10-07,492488.13
2015-10-08,498505.86
2015-10-09,504574.05
2015-10-12,505086.16
2015-10-13,495197.19
2015-10-14,495347.81
2015-10-15,495347.81
2015-10-16,495347.81
2015-10-19,506559.01
2015-10-20,498162.61
2015-10-21,490147.78
2015-10-22,519201.63
2015-10-23,561088.65
2015-10-26,563471.67
2015-10-27,567141.47
2015-10-28,580295.31
2015-10-29,578150.65
2015-10-30,570239.13
2015-11-02,585329.94
2015-11-03,590912.32
2015-11-04,591148.69
2015-11-05,585945.06
2015-11-06,587884.52
2015-11-09,575632.04
2015-11-10,571563.88
2015-11-11,575919.22
2015-11-12,575919.22
2015-11-13,575793.21
2015-11-16,601925.68
2015-11-17,603999.77
2015-11-18,622879.65
2015-11-19,623015.97
2015-11-20,622879.65
2015-11-23,617097.27
2015-11-24,615169.96
2015-11-25,616539.43
2015-11-27,618771.07
2015-11-30,608777.23
2015-12-01,626856.69
2015-12-02,633987.99
2015-12-03,634126.74
2015-12-04,634126.74
2015-12-07,624375.94
2015-12-08,624426.98
2015-12-09,615577.78
2015-12-10,615712.60
2015-12-11,615847.36
2015-12-14,626800.59
2015-12-15,637444.98
2015-12-16,665275.57
2015-12-17,665130.01
2015-12-18,665275.57
2015-12-21,668353.22
2015-12-22,681007.65
2015-12-23,696586.84
2015-12-24,695154.25
2015-12-28,699903.14
2015-12-29,731823.44
2015-12-30,713127.99
2015-12-31,686678.23
2016-01-04,690886.85
2016-01-05,684702.70
2016-01-06,666343.46
2016-01-07,622925.44
2016-01-08,622925.44
2016-01-11,615580.30
2016-01-12,637815.69
2016-01-13,637676.13
2016-01-14,637536.50
2016-01-15,637536.50
2016-01-19,616254.17
2016-01-20,610675.53
2016-01-21,618336.71
2016-01-22,618066.06
2016-01-25,595689.63
2016-01-26,612695.24
2016-01-27,567114.30
2016-01-28,593738.25
2016-01-29,593868.18
2016-02-01,607003.88
2016-02-02,568479.81
2016-02-03,579199.73
2016-02-04,579326.49
2016-02-05,579326.49
2016-02-08,585551.28
2016-02-09,578752.89
2016-02-10,585633.06
2016-02-11,584240.92
2016-02-12,609140.42
2016-02-16,621017.61
2016-02-17,657658.49
2016-02-18,657802.42
2016-02-19,657802.42
2016-02-22,670645.74
2016-02-23,637221.80
2016-02-24,615635.55
2016-02-25,615500.84
2016-02-26,615500.84
2016-02-29,600732.62
2016-03-01,630183.56
2016-03-02,630045.68
2016-03-03,630183.56
2016-03-04,630183.56
2016-03-07,628245.71
2016-03-08,611634.68
2016-03-09,619870.77
2016-03-10,619870.77
2016-03-11,619735.13
2016-03-14,629685.91
2016-03-15,629287.91
2016-03-16,645341.97
2016-03-17,643484.24
2016-03-18,647199.31
2016-03-21,657726.20
2016-03-22,663589.09
2016-03-23,647798.90
2016-03-24,647599.06
2016-03-28,638826.14
2016-03-29,664880.51
2016-03-30,664880.51
2016-03-31,664880.51
2016-04-01,664880.51
2016-04-04,657643.11
2016-04-05,639959.32
2016-04-06,641910.14
2016-04-07,641769.84
2016-04-08,641910.14
2016-04-11,626759.30
2016-04-12,641396.13
2016-04-13,657714.33
2016-04-14,657714.33
2016-04-15,657570.58
2016-04-18,672859.86
2016-04-19,661252.40
2016-04-20,662875.08
2016-04-21,663062.27
2016-04-22,633044.86
2016-04-25,639404.14
2016-04-26,630635.49
2016-04-27,615495.76
2016-04-28,617514.53
2016-04-29,617649.87
2016-05-02,630043.93
2016-05-03,613275.25
2016-05-04,601146.27
2016-05-05,606846.34
2016-05-06,606979.34
2016-05-09,611727.02
2016-05-10,637377.80
2016-05-11,619969.62
2016-05-12,611265.53
2016-05-13,603880.37
2016-05-16,624633.49
2016-05-17,600662.40
2016-05-18,607492.39
2016-05-19,597904.07
2016-05-20,617869.12
2016-05-23,613283.93
2016-05-24,632019.01
2016-05-25,632157.18
2016-05-26,632157.18
2016-05-27,632295.73
2016-05-31,632598.19
2016-06-01,632840.52
2016-06-02,636411.92
2016-06-03,627694.80
2016-06-06,631551.33
2016-06-07,627092.12
2016-06-08,629864.10
2016-06-09,627092.12
2016-06-10,606000.16
2016-06-13,600676.40
2016-06-14,600983.07
2016-06-15,595587.92
2016-06-16,586821.38
2016-06-17,586692.80
2016-06-20,576564.33
2016-06-21,582317.97
2016-06-22,578542.16
2016-06-23,591967.10
2016-06-24,591837.40
2016-06-27,570364.52
2016-06-28,605900.84
2016-06-29,605900.84
2016-06-30,605900.84
2016-07-01,606166.11
2016-07-05,603078.08
2016-07-06,617288.77
2016-07-07,621753.32
2016-07-08,621617.44
2016-07-11,625251.78
2016-07-12,635094.37
2016-07-13,630647.36
2016-07-14,643454.78
2016-07-15,639837.99
2016-07-18,650837.00
2016-07-19,644095.64
2016-07-20,666152.74
2016-07-21,662190.83
2016-07-22,669878.21
2016-07-25,671805.41
2016-07-26,674057.08
2016-07-27,687211.16
2016-07-28,694677.01
2016-07-29,699239.55
2016-08-01,708305.46
2016-08-02,692350.01
2016-08-03,698909.47
2016-08-04,705173.66
2016-08-05,725561.25
2016-08-08,722021.64
2016-08-09,726800.10
2016-08-10,721195.62
2016-08-11,730516.67
2016-08-12,731873.33
2016-08-15,738457.18
2016-08-16,726817.75
2016-08-17,730227.47
2016-08-18,730932.84
2016-08-19,729933.42
2016-08-22,734127.16
2016-08-23,738498.14
2016-08-24,724263.12
2016-08-25,720837.40
2016-08-26,724322.34
2016-08-29,726074.89
2016-08-30,719520.87
2016-08-31,717631.37
2016-09-01,720819.80
2016-09-02,729263.25
2016-09-06,738199.03
2016-09-07,739548.77
2016-09-08,726873.89
2016-09-09,671773.15
2016-09-12,716990.81
2016-09-13,700071.26
2016-09-14,709067.09
2016-09-15,726344.05
2016-09-16,726344.05
2016-09-19,711549.73
2016-09-20,715490.98
2016-09-21,724474.52
2016-09-22,724633.16
2016-09-23,724633.16
2016-09-26,718874.00
2016-09-27,739256.64
2016-09-28,742778.70
2016-09-29,742778.70
2016-09-30,742941.34
2016-10-03,743810.72
2016-10-04,739578.43
2016-10-05,747289.19
2016-10-06,746129.65
2016-10-07,741259.78
2016-10-10,743544.87
2016-10-11,712809.14
2016-10-12,713551.73
2016-10-13,713395.52
2016-10-14,713395.52
2016-10-17,708806.21
2016-10-18,733517.06
2016-10-19,733677.67
2016-10-20,733517.06
2016-10-21,733517.06
2016-10-24,745331.13
2016-10-25,737884.24
2016-10-26,723729.20
2016-10-27,732597.45
2016-10-28,732757.87
2016-10-31,721580.67
2016-11-01,706756.14
2016-11-02,704402.80
2016-11-03,704248.85
2016-11-04,704402.80
2016-11-07,720011.04
2016-11-08,734124.25
2016-11-09,744410.04
2016-11-10,709007.68
2016-11-11,708409.74
2016-11-14,683519.33
2016-11-15,715169.23
2016-11-16,725201.66
2016-11-17,725360.19
2016-11-18,725201.66
2016-11-21,742291.35
2016-11-22,748963.38
2016-11-23,739950.12
2016-11-25,747090.40
2016-11-28,746488.94
2016-11-29,753663.42
2016-11-30,729258.93
2016-12-01,725554.08
2016-12-02,725395.35
2016-12-05,730529.81
2016-12-06,735808.93
2016-12-07,763115.03
2016-12-08,767787.57
2016-12-09,783503.61
2016-12-12,783148.24
2016-12-13,803694.52
2016-12-14,803694.52
2016-12-15,803694.52
2016-12-16,803518.70
2016-12-19,809937.04
2016-12-20,819717.33
2016-12-21,816844.22
2016-12-22,809753.69
2016-12-23,812259.68
2016-12-27,819677.05
2016-12-28,800708.22
2016-12-29,800282.69
2016-12-30,799932.36
2017-01-03,804605.08
2017-01-04,818312.60
2017-01-05,832822.62
2017-01-06,853939.54
2017-01-09,860280.46
2017-01-10,865206.67
2017-01-11,871857.37
2017-01-12,867423.55
2017-01-13,877399.59
2017-01-17,876834.90
2017-01-18,882798.89
2017-01-19,880438.06
2017-01-20,886153.65
2017-01-23,890694.97
2017-01-24,909261.67
2017-01-25,935803.11
2017-01-26,939665.69
2017-01-27,944151.60
2017-01-30,932565.70
2017-01-31,927402.04
2017-02-01,945537.04
2017-02-02,945537.04
2017-02-03,945329.66
2017-02-06,953717.28
2017-02-07,963533.85
2017-02-08,968945.62
2017-02-09,979013.81
2017-02-10,988704.42
2017-02-13,996683.64
2017-02-14,1006034.55
2017-02-15,1023365.03
2017-02-16,1022492.16
2017-02-17,1035334.18
2017-02-21,1044267.94
2017-02-22,1044391.82
2017-02-23,1033127.06
2017-02-24,1038697.46
2017-02-27,1047283.77
2017-02-28,1039070.79
2017-03-01,1072669.46
2017-03-02,1055745.62
2017-03-03,1061220.85
2017-03-06,1065139.23
2017-03-07,1059856.95
2017-03-08,1065265.10
2017-03-09,1068535.00
2017-03-10,1080231.52
2017-03-13,1087531.98
2017-03-14,1079475.49
2017-03-15,1098358.43
2017-03-16,1097728.79
2017-03-17,1095085.19
2017-03-20,1097877.80
2017-03-21,1048929.21
2017-03-22,1049558.57
2017-03-23,1049328.81
2017-03-24,1049558.57
2017-03-27,1076637.36
2017-03-28,1096848.89
2017-03-29,1111375.61
2017-03-30,1116933.92
2017-03-31,1114281.19
2017-04-03,1108467.74
2017-04-04,1113505.14
2017-04-05,1100785.68
2017-04-06,1101667.33
2017-04-07,1100407.87
2017-04-10,1098378.39
2017-04-11,1084567.21
2017-04-12,1083311.51
2017-04-13,1083548.35
2017-04-17,1099763.81
2017-04-18,1096575.26
2017-04-19,1100401.42
2017-04-20,1127056.79
2017-04-21,1126546.89
2017-04-24,1130127.48
2017-04-25,1155189.19
2017-04-26,1150127.50
2017-04-27,1170250.85
2017-04-28,1176917.54
2017-05-01,1195694.07
2017-05-02,1202790.29
2017-05-03,1190922.51
2017-05-04,1192146.10
2017-05-05,1205114.96
2017-05-08,1210754.96
2017-05-09,1224073.54
2017-05-10,1226028.25
2017-05-11,1223095.83
2017-05-12,1231038.15
2017-05-15,1241563.14
2017-05-16,1257191.30
2017-05-17,1162080.65
2017-05-18,1160371.47
2017-05-19,1160116.97
2017-05-22,1181929.55
2017-05-23,1184845.67
2017-05-24,1201175.33
2017-05-25,1232785.18
2017-05-26,1238034.09
2017-05-30,1243374.32
2017-05-31,1241854.54
2017-06-01,1256701.19
2017-06-02,1299604.06
2017-06-05,1299604.53
2017-06-06,1284862.83
2017-06-07,1298902.53
2017-06-08,1302412.39
2017-06-09,1208229.97
2017-06-12,1220264.22
2017-06-13,1248785.13
2017-06-14,1232057.57
2017-06-15,1215450.51
2017-06-16,1200889.41
2017-06-19,1224622.45
2017-06-20,1196880.58
2017-06-21,1231645.73
2017-06-22,1230241.05
2017-06-23,1244053.17
2017-06-26,1207398.61
2017-06-27,1140967.32
2017-06-28,1152941.03
2017-06-29,1152689.18
2017-06-30,1152941.03
2017-07-03,1101784.16
2017-07-05,1133214.03
2017-07-06,1107003.12
2017-07-07,1107003.12
2017-07-10,1125666.32
2017-07-11,1134893.90
2017-07-12,1175293.20
2017-07-13,1183057.92
2017-07-14,1197011.84
2017-07-17,1193533.72
2017-07-18,1217258.02
2017-07-19,1227789.81
2017-07-20,1227789.81
2017-07-21,1227789.81
2017-07-24,1244119.38
2017-07-25,1235790.04
2017-07-26,1246859.33
2017-07-27,1224611.39
2017-07-28,1220666.02
2017-07-31,1195534.11
2017-08-01,1203364.31
2017-08-02,1226093.85
2017-08-03,1226093.85
2017-08-04,1226093.85
2017-08-07,1239972.12
2017-08-08,1235350.73
2017-08-09,1230509.09
2017-08-10,1150624.52
2017-08-11,1156236.31
2017-08-14,1173876.99
2017-08-15,1175989.65
2017-08-16,1182116.89
2017-08-17,1109436.23
2017-08-18,1111126.60
2017-08-21,1107447.99
2017-08-22,1139888.98
2017-08-23,1139888.98
2017-08-24,1139888.98
2017-08-25,1139640.53
2017-08-28,1139888.98
2017-08-29,1153924.82
2017-08-30,1193905.62
2017-08-31,1227825.88
2017-09-01,1237183.19
2017-09-05,1215641.35
2017-09-06,1226141.41
2017-09-07,1233718.98
2017-09-08,1203301.04
2017-09-11,1214470.34
2017-09-12,1224740.67
2017-09-13,1229823.01
2017-09-14,1209070.29
2017-09-15,1218811.34
2017-09-18,1210853.05
2017-09-19,1216019.97
2017-09-20,1205897.06
2017-09-21,1182698.69
2017-09-22,1170993.98
2017-09-25,1148318.25
2017-09-26,1156159.34
2017-09-27,1187524.14
2017-09-28,1185511.03
2017-09-29,1200345.73
2017-10-02,1197576.18
2017-10-03,1205102.21
2017-10-04,1208237.99
2017-10-05,1229248.05
2017-10-06,1228978.89
2017-10-09,1220266.52
2017-10-10,1222828.87
2017-10-11,1233489.03
2017-10-12,1226826.40
2017-10-13,1240561.52
2017-10-16,1243748.72
2017-10-17,1248122.49
2017-10-18,1243341.78
2017-10-19,1229610.63
2017-10-20,1238561.41
2017-10-23,1207835.77
2017-10-24,1214001.08
2017-10-25,1205814.09
2017-10-26,1205814.09
2017-10-27,1205814.09
2017-10-30,1217193.00
2017-10-31,1230066.24
2017-11-01,1228457.05
2017-11-02,1222209.79
2017-11-03,1256286.21
2017-11-06,1271267.66
2017-11-07,1273353.83
2017-11-08,1289283.77
2017-11-09,1268612.65
2017-11-10,1268233.50
2017-11-13,1285859.93
2017-11-14,1272919.88
2017-11-15,1254228.79
2017-11-16,1301196.36
2017-11-17,1286626.92
2017-11-20,1281459.26
2017-11-21,1318400.37
2017-11-22,1318400.37
2017-11-24,1318112.04
2017-11-27,1317641.35
2017-11-28,1327335.43
2017-11-29,1259100.62
2017-11-30,1274912.33
2017-12-01,1274995.72
2017-12-04,1207326.63
2017-12-05,1209082.93
2017-12-06,1195678.56
2017-12-07,1195809.16
2017-12-08,1195939.52
2017-12-11,1221477.05
2017-12-12,1216898.08
2017-12-13,1222974.18
2017-12-14,1221212.92
2017-12-15,1260927.81
2017-12-18,1268215.87
2017-12-19,1247578.46
2017-12-20,1242397.49
2017-12-21,1246801.35
2017-12-22,1247074.36
2017-12-26,1246808.84
2017-12-27,1246808.84
2017-12-28,1250168.69
2017-12-29,1226560.68
2018-01-02,1269703.58
2018-01-03,1306878.61
2018-01-04,1326815.73
2018-01-05,1326815.73
2018-01-08,1341597.66
2018-01-09,1342621.28
2018-01-10,1333067.83
2018-01-11,1359766.55
2018-01-12,1388597.91
2018-01-16,1350259.77
2018-01-17,1392807.93
2018-01-18,1394145.40
2018-01-19,1407519.96
2018-01-22,1455105.10
2018-01-23,1491977.02
2018-01-24,1461725.38
2018-01-25,1459881.67
2018-01-26,1522480.28
2018-01-29,1511287.56
2018-01-30,1472659.68
2018-01-31,1498411.54
2018-02-01,1498345.98
2018-02-02,1498510.10
2018-02-05,1362819.40
2018-02-06,1467892.78
2018-02-07,1454117.24
2018-02-08,1453958.88
2018-02-09,1454276.79
2018-02-12,1484957.31
2018-02-13,1503035.11
2018-02-14,1571833.74
2018-02-15,1572006.02
2018-02-16,1572177.02
2018-02-20,1598201.88
2018-02-21,1583813.63
2018-02-22,1584111.39
2018-02-23,1678479.06
2018-02-26,1718637.74
2018-02-27,1657097.54
2018-02-28,1623787.71
2018-03-01,1627402.08
2018-03-02,1627579.51
2018-03-05,1702617.37
2018-03-06,1724143.60
2018-03-07,1737039.21
2018-03-08,1759479.42
2018-03-09,1759864.15
2018-03-12,1769354.83
2018-03-13,1705120.01
2018-03-14,1726658.08
2018-03-15,1726469.37
2018-03-16,1726846.98
2018-03-19,1661692.40
2018-03-20,1673904.78
2018-03-21,1661692.40
2018-03-22,1661874.48
2018-03-23,1662054.87
2018-03-26,1742402.98
2018-03-27,1575323.47
2018-03-28,1547774.18
2018-03-29,1548111.50
2018-04-02,1444693.42
2018-04-03,1493165.54
2018-04-04,1406025.73
2018-04-05,1406179.68
2018-04-06,1406179.68
2018-04-09,1397604.66
2018-04-10,1462920.09
2018-04-11,1463240.14
2018-04-12,1463240.14
2018-04-13,1463240.14
2018-04-16,1465927.30
2018-04-17,1559704.57
2018-04-18,1583272.10
2018-04-19,1583618.03
2018-04-20,1583618.03
2018-04-23,1549628.96
2018-04-24,1450838.23
2018-04-25,1457826.68
2018-04-26,1457985.73
2018-04-27,1458144.18
2018-04-30,1417588.91
2018-05-01,1463684.57
2018-05-02,1438163.84
2018-05-03,1418973.71
2018-05-04,1419283.80
2018-05-07,1431602.59
2018-05-08,1426867.85
2018-05-09,1474669.75
2018-05-10,1520559.59
2018-05-11,1516007.10
2018-05-14,1513202.11
2018-05-15,1464252.19
2018-05-16,1467599.87
2018-05-17,1467599.87
2018-05-18,1467760.42
2018-05-21,1459885.55
2018-05-22,1452279.09
2018-05-23,1488789.67
2018-05-24,1487536.90
2018-05-25,1505523.72
2018-05-29,1506733.11
2018-05-30,1538878.81
2018-05-31,1535581.84
2018-06-01,1607016.91
2018-06-04,1636755.79
2018-06-05,1653671.69
2018-06-06,1680955.44
2018-06-07,1641939.67
2018-06-08,1640848.29
2018-06-11,1657806.89
2018-06-12,1684064.78
2018-06-13,1682150.15
2018-06-14,1733298.36
2018-06-15,1716066.68
2018-06-18,1746951.81
2018-06-19,1731324.24
2018-06-20,1767602.67
2018-06-21,1721836.03
2018-06-22,1704534.03
2018-06-25,1635131.87
2018-06-26,1653147.46
2018-06-27,1674022.62
2018-06-28,1674022.62
2018-06-29,1674389.03
2018-07-02,1756455.11
2018-07-03,1695991.60
2018-07-05,1758260.04
2018-07-06,1809699.16
2018-07-09,1829904.72
2018-07-10,1834276.95
2018-07-11,1807460.85
2018-07-12,1896653.38
2018-07-13,1902191.55
2018-07-16,1888126.07
2018-07-17,1923080.48
2018-07-18,1910846.46
2018-07-19,1882591.54
2018-07-20,1879970.06
2018-07-23,1913387.59
2018-07-24,1937782.59
2018-07-25,2018609.21
2018-07-26,1930434.71
2018-07-27,1849901.95
2018-07-30,1770163.92
2018-07-31,1805431.94
2018-08-01,1822184.24
2018-08-02,1822383.97
2018-08-03,1822383.97
2018-08-06,1858540.08
2018-08-07,1876698.04
2018-08-08,1881726.39
2018-08-09,1880050.34
2018-08-10,1836192.01
2018-08-13,1821109.82
2018-08-14,1854731.00
2018-08-15,1787210.71
2018-08-16,1826666.96
2018-08-17,1826867.23
2018-08-20,1810099.16
2018-08-21,1828823.48
2018-08-22,1850062.67
2018-08-23,1873537.81
2018-08-24,1873537.81
2018-08-27,1899411.15
2018-08-28,1907854.30
2018-08-29,1974581.19
2018-08-30,1963414.54
2018-08-31,1969134.17
2018-09-04,1962772.75
2018-09-05,1884745.41
2018-09-06,1888042.41
2018-09-07,1888455.04
2018-09-10,1875865.09
2018-09-11,1917519.57
2018-09-12,1900914.12
2018-09-13,1936376.80
2018-09-14,1936588.23
2018-09-17,1865468.86
2018-09-18,1909777.19
2018-09-19,1910623.82
2018-09-20,1911041.10
2018-09-21,1911041.10
2018-09-24,1968278.54
2018-09-25,1976251.85
2018-09-26,1974258.52
2018-09-27,2028932.87
2018-09-28,2025800.47
2018-10-01,1999386.76
2018-10-02,1987929.67
2018-10-03,2012240.91
2018-10-04,2012681.70
2018-10-05,2012900.98
2018-10-08,2005018.39
2018-10-09,2063349.58
2018-10-10,2063800.41
2018-10-11,2064026.03
2018-10-12,2064026.03
2018-10-15,2006053.40
2018-10-16,2115265.39
2018-10-17,2115265.39
2018-10-18,2115265.39
2018-10-19,2115497.43
2018-10-22,2109602.26
2018-10-23,2086387.43
2018-10-24,2078649.20
2018-10-25,2078876.69
2018-10-26,2079104.40
2018-10-29,1883513.59
2018-10-30,1956310.16
2018-10-31,2049905.78
2018-11-01,2050354.95
2018-11-02,2050354.95
2018-11-05,2029095.98
2018-11-06,2100747.97
2018-11-07,2100977.10
2018-11-08,2101206.86
2018-11-09,2101666.17
2018-11-12,1957952.78
2018-11-13,1957152.13
2018-11-14,2012796.07
2018-11-15,2013455.47
2018-11-16,2013675.34
2018-11-19,1847790.67
2018-11-20,1745296.13
2018-11-21,1812390.89
2018-11-23,1812390.89
2018-11-26,1858539.73
2018-11-27,1877822.59
2018-11-28,1959466.80
2018-11-29,1959680.43
2018-11-30,1959895.05
2018-12-03,1931200.58
2018-12-04,1718837.82
2018-12-06,1609394.89
2018-12-07,1609570.75
2018-12-10,1669795.32
2018-12-11,1750357.11
2018-12-12,1750739.77
2018-12-13,1750930.67
2018-12-14,1751122.26
2018-12-17,1654639.38
2018-12-18,1682264.67
2018-12-19,1678553.79
2018-12-20,1678921.09
2018-12-21,1679288.72
2018-12-24,1594974.58
2018-12-26,1721459.84
2018-12-27,1722024.98
2018-12-28,1722212.56
2018-12-31,1707648.65
2019-01-02,1732083.05
2019-01-03,1564269.07
2019-01-04,1638955.47
2019-01-07,1682227.18
2019-01-08,1730789.73
2019-01-09,1772110.47
2019-01-10,1772304.46
2019-01-11,1772691.37
2019-01-14,1772008.37
2019-01-15,1817174.52
2019-01-16,1817372.99
2019-01-17,1817769.75
2019-01-18,1817769.75
2019-01-22,1752510.57
2019-01-23,1754162.75
2019-01-24,1768618.91
2019-01-25,1768425.89
2019-01-28,1772924.67
2019-01-29,1722751.51
2019-01-30,1780738.46
2019-01-31,1780738.46
2019-02-01,1780913.22
2019-02-04,1843764.23
2019-02-05,1892435.57
2019-02-06,1877489.28
2019-02-07,1800841.53
2019-02-08,1810039.18
2019-02-11,1785410.88
2019-02-12,1855129.67
2019-02-13,1855129.67
2019-02-14,1855534.58
2019-02-15,1855534.58
2019-02-19,1884775.40
2019-02-20,1883277.44
2019-02-21,1861931.95
2019-02-22,1902375.98
2019-02-25,1878601.15
2019-02-26,1884453.46
2019-02-27,1878601.15
2019-02-28,1866896.52
2019-03-01,1906399.61
2019-03-04,1873803.68
2019-03-05,1878481.91
2019-03-06,1883160.14
2019-03-07,1883571.39
2019-03-08,1883777.76
2019-03-11,1978099.02
2019-03-12,2010296.96
2019-03-13,2040600.93
2019-03-14,2040600.93
2019-03-15,2040823.62
2019-03-18,2057409.54
2019-03-19,2078050.00
2019-03-20,2101270.36
2019-03-21,2205578.21
2019-03-22,2205578.21
2019-03-25,2219440.23
2019-03-26,2249887.28
2019-03-27,2205819.15
2019-03-28,2219840.78
2019-03-29,2269918.28
2019-04-01,2293040.64
2019-04-02,2318350.15
2019-04-03,2358455.86
2019-04-04,2354951.47
2019-04-05,2390384.70
2019-04-08,2421566.18
2019-04-09,2394951.31
2019-04-10,2433699.48
2019-04-11,2415303.86
2019-04-12,2445049.97
2019-04-15,2447007.40
2019-04-16,2470882.52
2019-04-17,2495540.29
2019-04-18,2503368.22
2019-04-22,2556884.19
2019-04-23,2654005.74
2019-04-24,2628239.01
2019-04-25,2657573.63
2019-04-26,2667087.51
2019-04-29,2682449.68
2019-04-30,2620980.24
2019-05-01,2669759.26
2019-05-02,2670051.60
2019-05-03,2670344.20
2019-05-06,2799294.48
2019-05-07,2636466.63
2019-05-08,2613265.80
2019-05-09,2529320.82
2019-05-10,2529873.68
2019-05-13,2455518.83
2019-05-14,2532561.77
2019-05-15,2594375.21
2019-05-16,2594659.05
2019-05-17,2594943.40
2019-05-20,2572952.07
2019-05-21,2659039.42
2019-05-22,2659620.52
2019-05-23,2660200.83
2019-05-24,2660200.83
2019-05-28,2608785.04
2019-05-29,2543419.17
2019-05-30,2562443.53
2019-05-31,2562443.53
2019-06-03,2417807.63
2019-06-04,2613762.67
2019-06-05,2689367.40
2019-06-06,2690248.61
2019-06-07,2689955.32
2019-06-10,2730882.37
2019-06-11,2741201.62
2019-06-12,2694764.53
2019-06-13,2738856.34
2019-06-14,2703207.67
2019-06-17,2735371.96
2019-06-18,2853774.10
2019-06-19,2887336.78
2019-06-20,3006204.99
2019-06-21,3006204.99
2019-06-24,2989537.38
2019-06-25,2836591.08
2019-06-26,2889933.48
2019-06-27,2889933.48
2019-06-28,2890250.17
2019-07-01,2843045.93
2019-07-02,2877571.40
2019-07-03,2941310.61
2019-07-05,2922277.30
2019-07-08,2915379.27
2019-07-09,2959134.82
2019-07-10,3013265.52
2019-07-11,3013924.64
2019-07-12,3014254.94
2019-07-15,3019063.08
2019-07-16,2976227.01
2019-07-17,2932080.02
2019-07-18,2888806.76
2019-07-19,2888806.76
2019-07-22,2934278.26
2019-07-23,2990966.34
2019-07-24,3054631.94
2019-07-25,2967419.19
2019-07-26,3055503.92
2019-07-29,3032581.64
2019-07-30,2991955.04
2019-07-31,3015544.71
2019-08-01,3016369.11
2019-08-02,3016369.11
2019-08-05,2875806.31
2019-08-06,2993982.62
2019-08-07,3037713.13
2019-08-08,3090293.94
2019-08-09,3089956.15
2019-08-12,3041812.65
2019-08-13,3169532.15
2019-08-14,3169186.08
2019-08-15,3170572.52
2019-08-16,3170225.52
2019-08-19,3184329.92
2019-08-20,3118817.26
2019-08-21,3199805.30
2019-08-22,3200853.50
2019-08-23,3200504.20
2019-08-26,3231828.29
2019-08-27,3212339.20
2019-08-28,3244635.29
2019-08-29,3392194.45
2019-08-30,3368251.07
2019-09-03,3337093.56
2019-09-04,3454712.79
2019-09-05,3455091.00
2019-09-06,3455469.20
2019-09-09,3403347.43
2019-09-10,3375158.98
2019-09-11,3390582.83
2019-09-12,3391323.61
2019-09-13,3391323.61
2019-09-16,3412365.45
2019-09-17,3457418.75
2019-09-18,3455298.56
2019-09-19,3470669.63
2019-09-20,3361482.14
2019-09-23,3372107.30
2019-09-24,3238774.30
2019-09-25,3227618.79
2019-09-26,3228322.71
2019-09-27,3228322.71
2019-09-30,3283193.62
2019-10-01,3203817.32
2019-10-02,3039737.74
2019-10-03,3037606.79
2019-10-04,3037606.79
2019-10-07,3037439.44
2019-10-08,2899170.21
2019-10-09,2975043.51
2019-10-10,2975692.75
2019-10-11,2976018.10
2019-10-14,2987924.76
2019-10-15,3101306.82
2019-10-16,3078254.13
2019-10-17,3099424.91
2019-10-18,3010507.24
2019-10-21,3040930.79
2019-10-22,2970556.27
2019-10-23,2949721.45
2019-10-24,2950365.04
2019-10-25,2950365.04
2019-10-28,2994496.58
2019-10-29,2925514.90
2019-10-30,2966646.78
2019-10-31,2968789.20
2019-11-01,3049339.09
2019-11-04,3042200.03
2019-11-05,3045979.52
2019-11-06,3026661.35
2019-11-07,3057318.66
2019-11-08,3093435.35
2019-11-11,3126684.26
2019-11-12,3152260.32
2019-11-13,3147571.34
2019-11-14,3146718.94
2019-11-15,3205970.27
2019-11-18,3227237.63
2019-11-19,3240471.21
2019-11-20,3183695.76
2019-11-21,3158936.50
2019-11-22,3182841.81
2019-11-25,3253107.49
2019-11-26,3272600.10
2019-11-27,3338704.42
2019-11-29,3294210.93
2019-12-02,3188169.65
2019-12-03,3116559.08
2019-12-04,3164864.56
2019-12-05,3165557.93
2019-12-06,3165557.93
2019-12-09,3137223.43
2019-12-10,3130242.77
2019-12-11,3177465.11
2019-12-12,3245630.01
2019-12-13,3244919.97
2019-12-16,3274371.98
2019-12-17,3278756.42
2019-12-18,3286329.31
2019-12-19,3353291.39
2019-12-20,3393149.77
2019-12-23,3382523.88
2019-12-24,3385678.98
2019-12-26,3473633.94
2019-12-27,3510709.16
2019-12-30,3444634.21
2019-12-31,3464247.10
2020-01-02,3550702.84
2020-01-03,3550702.84
2020-01-06,3706279.70
2020-01-07,3701752.29
2020-01-08,3786949.34
2020-01-09,3878320.15
2020-01-10,3878320.15
2020-01-13,3964295.66
2020-01-14,3918032.41
2020-01-15,3920489.07
2020-01-16,4029800.80
2020-01-17,4089983.75
2020-01-21,4124300.36
2020-01-22,4152387.69
2020-01-23,4190801.23
2020-01-24,4082169.53
2020-01-27,4102967.55
2020-01-28,4293689.79
2020-01-29,4309177.62
2020-01-30,4357854.12
2020-01-31,4143678.50
2020-02-03,4267813.21
2020-02-04,4479591.25
2020-02-05,4480570.39
2020-02-06,4481060.62
2020-02-07,4481060.62
2020-02-10,4688242.54
2020-02-11,4691625.19
2020-02-12,4829042.10
2020-02-13,4843840.88
2020-02-14,4843840.88
2020-02-18,4921913.48
2020-02-19,5064328.61
2020-02-20,4920197.60
2020-02-21,4638799.12
2020-02-24,4609889.51
2020-02-25,4756357.46
2020-02-26,4757397.69
2020-02-27,4758437.46
2020-02-28,4757918.28
2020-03-02,5143613.09
2020-03-03,5144734.80
2020-03-04,5146986.77
2020-03-05,5148109.49
2020-03-06,5148109.49
2020-03-09,5564090.88
2020-03-10,5562876.89
2020-03-11,5564090.88
2020-03-12,5564698.69
2020-03-13,5565914.30
2020-03-16,6021194.21
2020-03-17,6021194.21
2020-03-18,6022510.29
2020-03-19,6021194.21
2020-03-20,6023167.16
2020-03-23,5968591.18
2020-03-24,6908619.01
2020-03-25,6908619.01
2020-03-26,6908619.01
2020-03-27,6907114.49
2020-03-30,7468620.26
2020-03-31,7469433.67
2020-04-01,7468783.38
2020-04-02,7469596.79
2020-04-03,7467150.73
2020-04-06,8079160.34
2020-04-07,8077394.08
2020-04-08,8078275.63
2020-04-09,8076512.53
2020-04-13,8460892.50
2020-04-14,8981378.63
2020-04-15,8980395.12
2020-04-16,8979415.12
2020-04-17,8981378.63
2020-04-20,8895956.34
2020-04-21,7912262.55
2020-04-22,8408242.44
2020-04-23,8409163.29
2020-04-24,8408242.44
2020-04-27,8306863.25
2020-04-28,7857538.80
2020-04-29,8391972.00
2020-04-30,8393807.06
2020-05-01,8392337.87
2020-05-04,8825020.53
2020-05-05,9090778.06
2020-05-06,9091771.95
2020-05-07,9090778.06
2020-05-08,9090778.06
2020-05-11,9484254.29
2020-05-12,8920024.32
2020-05-13,8981891.57
2020-05-14,8982869.95
2020-05-15,8980909.70
2020-05-18,9112078.19
2020-05-19,9042357.57
2020-05-20,9571758.45
2020-05-21,9277516.02
2020-05-22,9361416.44
2020-05-26,8893472.30
2020-05-27,9018605.44
2020-05-28,8860779.77
2020-05-29,8860779.77
2020-06-01,9047584.70
2020-06-02,9227909.85
2020-06-03,9353166.18
2020-06-04,9163122.47
2020-06-05,9579922.30
2020-06-08,9828012.23
2020-06-09,10047268.26
2020-06-10,10361712.75
2020-06-11,10359446.33
2020-06-12,10361712.75
2020-06-15,11205166.95
2020-06-16,11205166.95
2020-06-17,11205166.95
2020-06-18,11203942.03
2020-06-19,11203942.03
2020-06-22,11603613.60
2020-06-23,12111852.64
2020-06-24,12111852.64
2020-06-25,12113176.82
2020-06-26,12111852.64
2020-06-29,12536805.72
2020-06-30,13088023.79
2020-07-01,13088023.79
2020-07-02,13089454.69
2020-07-06,13524696.72
2020-07-07,13258789.27
2020-07-08,13768648.47
2020-07-09,14149213.53
2020-07-10,14150760.46
2020-07-13,12850801.94
2020-07-14,13123236.38
2020-07-15,13315679.98
2020-07-16,13314224.35
2020-07-17,13315679.98
2020-07-20,14392265.98
2020-07-21,14392265.98
2020-07-22,14390692.67
2020-07-23,14392265.98
2020-07-24,14390692.67
2020-07-27,14842597.01
2020-07-28,14284674.77
2020-07-29,14771034.40
2020-07-30,15010900.93
2020-07-31,15812666.24
2020-08-03,16015283.62
2020-08-04,16223509.43
2020-08-05,16352842.18
2020-08-06,16978812.22
2020-08-07,16423974.60
2020-08-10,16165402.41
2020-08-11,15247969.70
2020-08-12,15626039.73
2020-08-13,15627748.11
2020-08-14,15626039.73
2020-08-17,15852772.65
2020-08-18,16318463.67
2020-08-19,15999579.97
2020-08-20,16657803.89
2020-08-21,16894862.26
2020-08-24,16630741.37
2020-08-25,17018953.75
2020-08-26,17312423.41
2020-08-27,17312423.41
2020-08-28,17314316.16
2020-08-31,17620366.29
2020-09-01,18535454.44
2020-09-02,19162255.64
2020-09-03,19160160.87
2020-09-04,19162255.64
2020-09-08,18649531.82
2020-09-09,19785800.06
2020-09-10,19785800.06
2020-09-11,19783634.96
2020-09-14,19938479.37
2020-09-15,20785995.89
2020-09-16,19787359.37
2020-09-17,18875966.90
2020-09-18,19140815.59
2020-09-21,20281726.23
2020-09-22,20856483.24
2020-09-23,20856483.24
2020-09-24,20858765.75
2020-09-25,20856483.24
2020-09-28,20928140.28
2020-09-29,20708727.13
2020-09-30,21118512.18
2020-10-01,22107485.03
2020-10-02,20284421.45
2020-10-05,21106189.01
2020-10-06,19972398.75
2020-10-07,20555083.98
2020-10-08,20555083.98
2020-10-09,20555083.98
2020-10-12,21366763.07
2020-10-13,21369533.89
2020-10-14,20841806.37
2020-10-15,20411036.29
2020-10-16,20098001.63
2020-10-19,18720033.38
2020-10-20,18840860.15
2020-10-21,18882945.57
2020-10-22,18885012.10
2020-10-23,18885012.10
2020-10-26,18490740.72
2020-10-27,18927453.02
2020-10-28,16706340.32
2020-10-29,16959466.56
2020-10-30,16959466.56
2020-11-02,16632022.26
2020-11-03,17383712.14
2020-11-04,17381809.89
2020-11-05,17383712.14
2020-11-06,17381809.89
2020-11-09,15874029.60
2020-11-10,15017574.60
2020-11-11,15417328.34
2020-11-12,15417328.34
2020-11-13,15419015.60
2020-11-16,15814612.50
2020-11-17,15668694.32
2020-11-18,15305494.83
2020-11-19,15684670.17
2020-11-20,15366206.31
2020-11-23,15206031.49
2020-11-24,15747673.44
2020-11-25,15745950.23
2020-11-27,15747673.44
2020-11-30,15775900.96
2020-12-01,16395873.90
2020-12-02,16461765.20
2020-12-03,16528654.30
2020-12-04,16731318.72
2020-12-07,16981575.16
2020-12-08,17137014.06
2020-12-09,15989166.60
2020-12-10,15647402.32
2020-12-11,15649111.83
2020-12-14,15792153.37
2020-12-15,16282961.22
2020-12-16,16556165.65
2020-12-17,16917560.98
2020-12-18,16917560.98
2020-12-21,17325711.24
2020-12-22,17462378.68
2020-12-23,17199021.58
2020-12-24,17422475.17
2020-12-28,17491553.40
2020-12-29,17543087.63
2020-12-30,17540170.71
2020-12-31,17677271.88
2021-01-04,16694881.56
2021-01-05,17113574.05
2021-01-06,16315560.41
2021-01-07,16315560.41
2021-01-08,16313778.09
2021-01-11,16054255.45
2021-01-12,15984520.27
2021-01-13,16027774.59
2021-01-14,16029525.66
2021-01-15,16029525.66
2021-01-19,16346652.36
2021-01-20,17327133.62
2021-01-21,17327133.62
2021-01-22,17325240.80
2021-01-25,17250102.33
2021-01-26,17268469.58
2021-01-27,15875907.03
2021-01-28,16011155.56
2021-01-29,16011155.56
2021-02-01,16622163.68
2021-02-02,17306766.21
2021-02-03,17306766.21
2021-02-04,17308657.01
2021-02-05,17308657.01
2021-02-08,17371489.36
2021-02-09,17363398.58
2021-02-10,17240427.10
2021-02-11,17518731.95
2021-02-12,17816455.17
2021-02-16,17532254.07
2021-02-17,17288192.68
2021-02-18,16708548.42
2021-02-19,16710373.86
2021-02-22,16070385.84
2021-02-23,15927464.06
2021-02-24,15495375.51
2021-02-25,15497070.11
2021-02-26,15497070.11
2021-03-01,16101281.95
2021-03-02,15329416.57
2021-03-03,13999816.29
2021-03-04,13938399.88
2021-03-05,13938399.88
2021-03-08,12818981.01
2021-03-09,14284962.88
2021-03-10,14284962.88
2021-03-11,14286525.11
2021-03-12,14284962.88
2021-03-15,14693518.22
2021-03-16,14934790.97
2021-03-17,15122983.42
2021-03-18,13734861.31
2021-03-19,13712342.61
2021-03-22,14147210.60
2021-03-23,13962392.21
2021-03-24,13257283.53
2021-03-25,13018105.61
2021-03-26,13018105.61
2021-03-29,13071216.68
2021-03-30,12885327.93
2021-03-31,13463648.35
2021-04-01,14074424.30
2021-04-05,14567249.36
2021-04-06,14532858.08
2021-04-07,14640328.39
2021-04-08,15097435.80
2021-04-09,15212070.71
2021-04-12,15290777.81
2021-04-13,15814542.63
2021-04-14,15259294.53
2021-04-15,15933318.95
2021-04-16,16000578.48
2021-04-19,15796937.13
2021-04-20,15451251.54
2021-04-21,15250812.80
2021-04-22,15252480.83
2021-04-23,15252480.83
2021-04-26,15517294.12
2021-04-27,15313596.88
2021-04-28,15155940.01
2021-04-29,15308016.00
2021-04-30,15020607.71
2021-05-03,14624021.13
2021-05-04,13853464.73
2021-05-05,14090984.00
2021-05-06,14090984.00
2021-05-07,14089442.99
2021-05-10,13195813.08
2021-05-11,13129833.62
2021-05-12,12511280.49
2021-05-13,12511280.49
2021-05-14,12511280.49
2021-05-17,12490097.16
2021-05-18,12227984.83
2021-05-19,11603149.89
2021-05-20,11603149.89
2021-05-21,11604415.71
2021-05-24,11924575.49
2021-05-25,11982267.10
2021-05-26,12103538.51
2021-05-27,11962251.77
2021-05-28,12078812.64
2021-06-01,11814663.04
2021-06-02,11876301.32
2021-06-03,11570438.99
2021-06-04,11571701.23
2021-06-07,11734885.68
2021-06-08,11748309.20
2021-06-09,11761733.58
2021-06-10,12121946.26
2021-06-11,12218152.16
2021-06-14,12510983.95
2021-06-15,12279216.62
2021-06-16,12147733.32
2021-06-17,12601239.14
2021-06-18,12300387.93
2021-06-21,12498299.30
2021-06-22,12847419.35
2021-06-23,12869655.96
2021-06-24,13106479.17
2021-06-25,13065341.35
2021-06-28,13384358.66
2021-06-29,13535066.15
2021-06-30,13475663.22
2021-07-01,13482263.27
2021-07-02,13939885.51
2021-07-06,14044440.28
2021-07-07,14134118.95
2021-07-08,13889144.67
2021-07-09,14124274.99
2021-07-12,14119491.50
2021-07-13,14111932.69
2021-07-14,14476877.53
2021-07-15,14478464.27
2021-07-16,14478464.27
2021-07-19,14561259.51
2021-07-20,15041405.53
2021-07-21,15384876.18
2021-07-22,15649907.58
2021-07-23,15648192.47
2021-07-26,15775894.37
2021-07-27,15260499.34
2021-07-28,15399702.45
2021-07-29,15401390.32
2021-07-30,15399702.45
2021-08-02,15189093.25
2021-08-03,15453499.61
2021-08-04,15530188.77
2021-08-05,15786583.93
2021-08-06,15788314.21
2021-08-09,15815414.35
2021-08-10,15579036.18
2021-08-11,15739311.80
2021-08-12,15739311.80
2021-08-13,15741036.90
2021-08-16,15906039.39
2021-08-17,15488069.00
2021-08-18,15410495.78
2021-08-19,15413868.25
2021-08-20,15413868.25
2021-08-23,15954301.95
2021-08-24,16111763.46
2021-08-25,16129759.55
2021-08-26,15856449.27
2021-08-27,16319839.20
2021-08-30,16756897.45
2021-08-31,16709950.27
2021-09-01,16801608.57
2021-09-02,16778135.83
2021-09-03,16929037.13
2021-09-07,16988982.54
2021-09-08,16814701.03
2021-09-09,16634834.98
2021-09-10,16869443.46
2021-09-13,16518395.45
2021-09-14,16376211.39
2021-09-15,16435360.45
2021-09-16,16437155.62
2021-09-17,16435360.45
2021-09-20,16201123.03
2021-09-21,16221754.99
2021-09-22,16845574.50
2021-09-23,16847414.47
2021-09-24,16845574.50
2021-09-27,16866919.05
2021-09-28,15460228.48
2021-09-29,15597971.76
2021-09-30,15597971.76
2021-10-01,15597971.76
2021-10-04,14840772.38
2021-10-05,15411762.35
2021-10-06,15715957.11
2021-10-07,16122383.35
2021-10-08,16122383.35
2021-10-11,15965640.12
2021-10-12,15802973.21
2021-10-13,16110374.41
2021-10-14,16108619.45
2021-10-15,16110374.41
2021-10-18,16772161.24
2021-10-19,17140529.89
2021-10-20,17086533.15
2021-10-21,17412905.32
2021-10-22,17412905.32
2021-10-25,17722931.55
2021-10-26,17888566.37
2021-10-27,18029841.65
2021-10-28,18621742.34
2021-10-29,18823914.89
2021-11-01,18929376.47
2021-11-02,19181864.22
2021-11-03,19790736.32
2021-11-04,20344034.93
2021-11-05,20344034.93
2021-11-08,20267663.12
2021-11-09,19850044.00
2021-11-10,19415720.18
2021-11-11,19417848.93
2021-11-12,19417848.93
2021-11-15,19242178.92
2021-11-16,19640053.02
2021-11-17,19902973.79
2021-11-18,19905155.96
2021-11-19,19905155.96
2021-11-22,18982708.57
2021-11-23,18724055.65
2021-11-24,18351062.82
2021-11-26,18349051.02
2021-11-29,18860223.08
2021-11-30,18049863.63
2021-12-01,18642728.55
2021-12-02,18642728.55
2021-12-03,18640684.77
2021-12-06,19014117.25
2021-12-07,20154294.98
2021-12-08,20156504.70
2021-12-09,20154294.98
2021-12-10,20156504.70
2021-12-13,19287812.66
2021-12-14,18713764.11
2021-12-15,18648778.35
2021-12-16,18646733.92
2021-12-17,18648778.35
2021-12-20,18810029.42
2021-12-21,20067546.07
2021-12-22,20156265.50
2021-12-23,20156265.50
2021-12-27,20916246.09
2021-12-28,20670159.66
2021-12-29,20637588.78
2021-12-30,20444578.44
2021-12-31,20064591.53
2022-01-03,20459111.89
2022-01-04,19664083.35
2022-01-05,19413023.14
2022-01-06,19413023.14
2022-01-07,19413023.14
2022-01-10,20287786.88
2022-01-11,20983687.67
2022-01-12,20985978.59
2022-01-13,20988279.76
2022-01-14,20988279.76
2022-01-18,20436682.91
2022-01-19,19725736.40
2022-01-20,20231364.66
2022-01-21,20229146.48
2022-01-24,21594183.30
2022-01-25,20001570.83
2022-01-26,21868382.35
2022-01-27,21870780.28
2022-01-28,21865995.10
2022-01-31,23643157.27
2022-02-01,23640565.02
2022-02-02,23643157.27
2022-02-03,23643157.27
2022-02-04,23637984.31
2022-02-07,22960207.26
2022-02-08,23740621.94
2022-02-09,24637098.61
2022-02-10,24637098.61
2022-02-11,24637098.61
2022-02-14,24883933.47
2022-02-15,26630418.96
2022-02-16,26630418.96
2022-02-17,26627511.86
2022-02-18,26630418.96
2022-02-22,26540631.67
2022-02-23,27289936.59
2022-02-24,27289936.59
2022-02-25,27289936.59
2022-02-28,28374684.38
2022-03-01,27065750.93
2022-03-02,28358458.58
2022-03-03,27173927.75
2022-03-04,26011030.62
2022-03-07,23120671.59
2022-03-08,22801355.25
2022-03-09,24571125.28
2022-03-10,24571125.28
2022-03-11,24568429.25
2022-03-14,23422577.65
2022-03-15,25185440.29
2022-03-16,25190961.00
2022-03-17,25190961.00
2022-03-18,25188196.95
2022-03-21,25154841.58
2022-03-22,25817186.56
2022-03-23,25822847.66
2022-03-24,25822847.66
2022-03-25,25817186.56
2022-03-28,26999419.77
2022-03-29,27915729.95
2022-03-30,27921851.20
2022-03-31,27921851.20
2022-04-01,27921851.20
2022-04-04,29431548.61
2022-04-05,27485384.65
2022-04-06,26213444.54
2022-04-07,26213444.54
2022-04-08,26210568.31
2022-04-11,25334928.31
2022-04-12,25008773.53
2022-04-13,25071899.81
2022-04-14,25069148.82
2022-04-18,25425208.61
2022-04-19,27102958.18
2022-04-20,27108901.22
2022-04-21,27108901.22
2022-04-22,27105932.35
2022-04-25,28590611.94
2022-04-26,25376244.42
2022-04-27,25349678.79
2022-04-28,25355229.34
2022-04-29,25349678.79
2022-05-02,26754137.77
2022-05-03,26817088.79
2022-05-04,27404630.46
2022-05-05,27404630.46
2022-05-06,27404630.46
2022-05-09,25690440.15
2022-05-10,26574284.36
2022-05-11,25968219.90
2022-05-12,25971061.31
2022-05-13,25973890.05
2022-05-16,25570608.49
2022-05-17,27055623.02
2022-05-18,27055623.02
2022-05-19,27061527.32
2022-05-20,27061527.32
2022-05-23,28076323.15
2022-05-24,26324610.35
2022-05-25,25874450.65
2022-05-26,25880111.10
2022-05-27,25874450.65
2022-05-31,25683008.36
2022-06-01,26530043.05
2022-06-02,26535860.44
2022-06-03,26530043.05
2022-06-06,25680614.94
2022-06-07,26304084.45
2022-06-08,25767427.53
2022-06-09,25309689.50
2022-06-10,25304140.92
2022-06-13,24066071.86
2022-06-14,24222480.06
2022-06-15,25087940.90
2022-06-16,25093426.78
2022-06-17,25090692.41
2022-06-21,25683361.00
2022-06-22,25588551.45
2022-06-23,26684148.81
2022-06-24,27505848.33
2022-06-27,26509416.15
2022-06-28,24093294.67
2022-06-29,24044778.91
2022-06-30,24047407.54
2022-07-01,24045573.83
2022-07-05,25986886.54
2022-07-06,25986886.54
2022-07-07,25986886.54
2022-07-08,25984043.16
2022-07-11,24942771.43
2022-07-12,24216746.63
2022-07-13,22774250.20
2022-07-14,22776742.35
2022-07-15,22774250.20
2022-07-18,21586458.56
2022-07-19,23343399.65
2022-07-20,23343399.65
2022-07-21,23351060.63
2022-07-22,23353610.49
2022-07-25,23003127.13
2022-07-26,21611394.62
2022-07-27,22615656.38
2022-07-28,22618125.94
2022-07-29,22620597.70
2022-08-01,22985585.09
2022-08-02,22771668.49
2022-08-03,24455391.71
2022-08-04,24460747.74
2022-08-05,24466101.39
2022-08-08,24003018.61
2022-08-09,23178408.69
2022-08-10,24834499.13
2022-08-11,24834499.13
2022-08-12,24839932.78
2022-08-15,25655228.84
2022-08-16,25490307.09
2022-08-17,24606326.41
2022-08-18,24771248.16
2022-08-19,23319936.26
2022-08-22,22409194.22
2022-08-23,22333510.34
2022-08-24,22223425.40
2022-08-25,22225858.79
2022-08-26,22225858.79
2022-08-29,22195567.34
2022-08-30,21453444.06
2022-08-31,22081977.27
2022-09-01,22086566.04
2022-09-02,22088980.73
2022-09-06,21517067.77
2022-09-07,22631299.98
2022-09-08,22636238.58
2022-09-09,22636238.58
2022-09-12,23106897.53
2022-09-13,19304308.57
2022-09-14,19520958.28
2022-09-15,19527363.06
2022-09-16,19527363.06
2022-09-19,20546961.81
2022-09-20,20057554.10
2022-09-21,21109779.88
2022-09-22,21119016.78
2022-09-23,21119016.78
2022-09-26,20979289.68
2022-09-27,21777739.32
2022-09-28,21780114.49
2022-09-29,21784873.31
2022-09-30,21784873.31
2022-10-03,22847711.97
2022-10-04,24219016.56
2022-10-05,24219016.56
2022-10-06,24224302.10
2022-10-07,24224302.10
2022-10-10,23447599.41
2022-10-11,22516646.53
2022-10-12,22628361.07
2022-10-13,22635786.00
2022-10-14,22635786.00
2022-10-17,23227983.97
2022-10-18,25117516.22
2022-10-19,25117516.22
2022-10-20,25128489.37
2022-10-21,25131240.57
2022-10-24,25908046.47
2022-10-25,27162643.07
2022-10-26,27168580.36
2022-10-27,27177475.74
2022-10-28,27174507.10
2022-10-31,26882346.99
2022-11-01,27896047.26
2022-11-02,27905205.09
2022-11-03,27914373.74
2022-11-04,27920468.15
2022-11-07,28473967.22
2022-11-08,29088955.03
2022-11-09,27059493.78
2022-11-10,30980043.66
2022-11-11,30976649.77
2022-11-14,30843666.24
2022-11-15,33051776.17
2022-11-16,33055390.24
2022-11-17,33066219.64
2022-11-18,33066219.64
2022-11-21,32547345.37
2022-11-22,33899642.22
2022-11-23,33907030.44
2022-11-25,33907030.44
2022-11-28,33101850.32
2022-11-29,32308525.58
2022-11-30,32432968.50
2022-12-01,32440066.91
2022-12-02,32443620.82
2022-12-05,31525377.56
2022-12-06,29525792.62
2022-12-07,29157074.47
2022-12-08,29176204.12
2022-12-09,29173017.25
2022-12-12,30212043.24
2022-12-13,33742595.95
2022-12-14,33753652.90
2022-12-15,33761020.94
2022-12-16,33761020.94
2022-12-19,32301346.76
2022-12-20,32159906.98
2022-12-21,32548865.54
2022-12-22,32570231.56
2022-12-23,32570231.56
2022-12-27,31413673.16
2022-12-28,30145186.99
2022-12-29,31096551.61
2022-12-30,31093156.83
2023-01-03,29641640.18
2023-01-04,30097396.01
2023-01-05,29466348.96
2023-01-06,29463127.18
2023-01-09,29352265.91
2023-01-10,30134557.40
2023-01-11,30444215.62
2023-01-12,30467498.92
2023-01-13,30470827.61
2023-01-17,30698674.63
2023-01-18,29559436.63
2023-01-19,28967033.80
2023-01-20,28970196.50
2023-01-23,30637035.60
2023-01-24,30453750.37
2023-01-25,30228167.30
2023-01-26,31327885.04
2023-01-27,31331302.51
2023-01-30,30469867.00
2023-01-31,31831492.58
2023-02-01,32123269.84
2023-02-02,32137335.26
2023-02-03,32144360.27
2023-02-06,32173743.81
2023-02-07,34166004.33
2023-02-08,32328983.60
2023-02-09,31462220.25
2023-02-10,30737762.10
2023-02-13,31776100.49
2023-02-14,32463838.37
2023-02-15,33240729.17
2023-02-16,33258889.97
2023-02-17,33262502.38
2023-02-21,32186061.87
2023-02-22,32214864.37
2023-02-23,33395739.37
2023-02-24,33399383.05
2023-02-27,33042806.24
2023-02-28,32879374.21
2023-03-01,32775373.03
2023-03-02,32786128.29
2023-03-03,32793286.96
2023-03-06,32520792.74
2023-03-07,31306095.58
2023-03-08,31402718.89
2023-03-09,31409586.77
2023-03-10,31416442.63
2023-03-13,33967322.05
2023-03-14,33971046.98
2023-03-15,33989574.29
2023-03-16,34004409.12
2023-03-17,34011829.78
2023-03-20,34568718.38
2023-03-21,36030543.60
2023-03-22,36754496.82
2023-03-23,36770526.15
2023-03-24,36778535.56
2023-03-27,35784056.26
2023-03-28,35189777.78
2023-03-29,36449081.08
2023-03-30,36457017.88
2023-03-31,36449081.08
2023-04-03,36962393.29
2023-04-04,36593561.40
2023-04-05,35421196.07
2023-04-06,34854772.79
2023-04-10,35817688.85
2023-04-11,35124104.78
2023-04-12,34194963.75
2023-04-13,34718424.75
2023-04-14,34718424.75
2023-04-17,34912641.71
2023-04-18,34938033.30
2023-04-19,34861858.53
2023-04-20,34049346.98
2023-04-21,33897002.28
2023-04-24,33777923.44
2023-04-25,31868353.89
2023-04-26,32905339.44
2023-04-27,32916093.98
2023-04-28,32916093.98
2023-05-01,32955880.23
2023-05-02,32078460.86
2023-05-03,32172052.17
2023-05-04,32182607.19
2023-05-05,32189639.80
2023-05-08,32582697.32
2023-05-09,31952580.81
2023-05-10,32983680.16
2023-05-11,33258639.25
2023-05-12,32914938.74
2023-05-15,33280028.27
2023-05-16,33405527.85
2023-05-17,34603470.93
2023-05-18,35573235.17
2023-05-19,35573235.17
2023-05-22,36015091.99
2023-05-23,34622553.65
2023-05-24,33993665.85
2023-05-25,34015919.17
2023-05-26,34023336.95
2023-05-30,33243483.63
2023-05-31,32568678.32
2023-06-01,32559307.62
2023-06-02,32562863.01
2023-06-05,32690455.75
2023-06-06,32655018.13
2023-06-07,30989487.59
2023-06-08,31024925.20
2023-06-09,31028324.36
2023-06-12,32151028.25
2023-06-13,32869390.89
2023-06-14,33545992.05
2023-06-15,33560636.42
2023-06-16,33564303.06
2023-06-20,33826246.88
2023-06-21,32368219.51
2023-06-22,31968303.81
2023-06-23,31971796.82
2023-06-26,30864957.53
2023-06-27,32391290.44
2023-06-28,32770812.76
2023-06-29,32781527.39
2023-06-30,32792238.94
2023-07-03,32860581.44
2023-07-05,32836701.18
2023-07-06,32064540.44
2023-07-07,31992896.63
2023-07-10,32109058.56
2023-07-11,32567758.98
2023-07-12,33774865.98
2023-07-13,34619840.27
2023-07-14,34623601.98
2023-07-17,35378117.87
2023-07-18,36222686.58
2023-07-19,36222686.58
2023-07-20,33681155.70
2023-07-21,34314584.47
2023-07-24,34222503.30
2023-07-25,35180668.61
2023-07-26,35184503.19
2023-07-27,35203679.40
2023-07-28,35207517.28
2023-07-31,35195819.25
2023-08-01,34923945.17
2023-08-02,32640218.92
2023-08-03,31933351.06
2023-08-04,31940339.54
2023-08-07,32272991.10
2023-08-08,31446265.58
2023-08-09,31507503.10
2023-08-10,31524724.53
2023-08-11,31528162.91
2023-08-14,32794806.68
2023-08-15,31787986.07
2023-08-16,30732444.05
2023-08-17,31057226.68
2023-08-18,31060613.66
2023-08-21,32150861.89
2023-08-22,32007633.76
2023-08-23,33583158.77
2023-08-24,33594140.11
2023-08-25,33601451.59
2023-08-28,33553345.64
2023-08-29,34442004.94
2023-08-30,34449508.14
2023-08-31,34472027.42
2023-09-01,34477680.56
2023-09-05,34838531.29
2023-09-06,33918266.47
2023-09-07,32652907.83
2023-09-08,32656467.29
2023-09-11,32970632.68
2023-09-12,31915698.80
2023-09-13,31947190.08
2023-09-14,31957658.79
2023-09-15,31964628.99
2023-09-18,32304062.43
2023-09-19,32109458.39
2023-09-20,30609397.30
2023-09-21,29636383.28
2023-09-22,29639610.33
2023-09-25,30309346.07
2023-09-26,28957602.42
2023-09-27,29226272.25
2023-09-28,29235826.77
2023-09-29,29239007.09
2023-10-02,29902627.07
2023-10-03,28320174.46
2023-10-04,28516954.35
2023-10-05,28535659.42
2023-10-06,28535659.42
2023-10-09,29544375.83
2023-10-10,30027686.38
2023-10-11,30666904.44
2023-10-12,30853992.60
2023-10-13,30860731.88
2023-10-16,31561200.25
2023-10-17,31259219.15
2023-10-18,29937028.67
2023-10-19,30320628.39
2023-10-20,30327244.67
2023-10-23,30982521.35
2023-10-24,31856411.46
2023-10-25,29523037.59
2023-10-26,29171680.70
2023-10-27,29181217.00
2023-10-30,29510017.81
2023-10-31,29939285.24
2023-11-01,31546764.75
2023-11-02,31557110.68
2023-11-03,31560558.35
2023-11-06,31734439.44
2023-11-07,32627782.16
2023-11-08,32686224.70
2023-11-09,31909770.23
2023-11-10,34038756.95
2023-11-13,34169342.04
2023-11-14,36317609.36
2023-11-15,36892736.95
2023-11-16,36908839.76
2023-11-17,36916887.75
2023-11-20,38247158.22
2023-11-21,37554087.83
2023-11-22,37990466.57
2023-11-24,37802224.50
2023-11-27,37840689.84
2023-11-28,38141355.63
2023-11-29,38003909.44
2023-11-30,37686062.47
2023-12-01,38003909.44
2023-12-04,38070066.38
2023-12-05,38344653.82
2023-12-06,37662616.67
2023-12-07,39239271.95
2023-12-08,39708728.11
2023-12-11,40873285.24
2023-12-12,41860219.52
2023-12-13,42927173.30
2023-12-14,42945931.54
2023-12-15,42959982.45
2023-12-18,43642338.10
2023-12-19,44293456.97
2023-12-20,42140424.29
2023-12-21,43312436.94
2023-12-22,43317190.09
2023-12-26,43865665.92
2023-12-27,44096673.31
2023-12-28,43985446.81
2023-12-29,43377984.72
2024-01-02,42310265.99
2024-01-03,40956478.14
2024-01-04,40323537.66
2024-01-05,40327958.76
2024-01-08,42384190.75
2024-01-09,42662404.56
2024-01-10,43592683.16
2024-01-11,43616503.85
2024-01-12,43626033.72
2024-01-16,44006914.40
2024-01-17,43245909.94
2024-01-18,45100308.15
2024-01-19,47164634.34
2024-01-22,46616439.76
2024-01-23,47169776.96
2024-01-24,48480758.18
2024-01-25,48507206.77
2024-01-26,48512486.74
2024-01-29,49791582.54
2024-01-30,48796972.97
2024-01-31,45926562.32
2024-02-01,46493665.90
2024-02-02,46503841.67
2024-02-05,46313749.93
2024-02-06,46045380.89
2024-02-07,47671851.76
2024-02-08,47692698.89
2024-02-09,47697906.32
2024-02-12,47193290.10
2024-02-13,44958821.04
2024-02-14,45798726.01
2024-02-15,45823740.60
2024-02-16,45833736.41
2024-02-20,45438610.26
2024-02-21,44871437.44
2024-02-22,47626271.98
2024-02-23,47631461.39
2024-02-26,47318762.41
2024-02-27,47612815.00
2024-02-28,46841917.20
2024-02-29,47747922.20
2024-03-01,47760971.80
2024-03-04,47228643.17
2024-03-05,44699890.64
2024-03-06,45986980.77
2024-03-07,46007082.17
2024-03-08,46012106.48
2024-03-11,45983430.97
2024-03-12,47176396.11
2024-03-13,47176396.11
2024-03-14,47197010.04
2024-03-15,47207308.44
2024-03-18,46826123.89
2024-03-19,47149388.68
2024-03-20,48395141.87
2024-03-21,48410980.02
2024-03-22,48416265.26
2024-03-25,48833872.10
2024-03-26,48376964.06
2024-03-27,48802360.58
2024-03-28,48495130.76
2024-04-01,48524064.76
2024-04-02,47223614.24
2024-04-03,46534220.88
2024-04-04,46554577.53
2024-04-05,46564743.21
2024-04-08,46335122.80
2024-04-09,46814717.39
2024-04-10,45584787.09
2024-04-11,46110795.20
2024-04-12,46115839.24
2024-04-15,42726933.09
2024-04-16,42734593.08
2024-04-17,43316851.62
2024-04-18,43340495.50
2024-04-19,43345219.58
2024-04-22,43819371.69
2024-04-23,45772827.40
2024-04-24,46865730.89
2024-04-25,46891286.73
2024-04-26,46891286.73
2024-04-29,46784413.99
2024-04-30,44108154.14
2024-05-01,43614718.14
2024-05-02,43638570.20
2024-05-03,43643348.48
2024-05-06,44514695.80
2024-05-07,44514695.80
2024-05-08,44431078.28
2024-05-09,44674327.65
2024-05-10,44978387.91
2024-05-13,44713048.91
2024-05-14,45546348.48
2024-05-15,46312085.77
2024-05-16,46332307.72
2024-05-17,46337363.20
2024-05-20,47244709.68
2024-05-21,47487406.39
2024-05-22,47457988.10
2024-05-23,46751965.89
2024-05-24,48061049.08
2024-05-28,48201756.32
2024-05-29,47194819.24
2024-05-30,46881062.64
2024-05-31,46891267.12
2024-06-03,46474947.66
2024-06-04,46820897.47
2024-06-05,48079562.18
2024-06-06,48084821.34
2024-06-07,48105849.35
2024-06-10,49007001.28
2024-06-11,50018498.19
2024-06-12,52005362.51
2024-06-13,52011040.22
2024-06-14,52039438.07
2024-06-17,53852831.76
2024-06-18,53880858.84
2024-06-20,52612658.80
2024-06-21,52129206.34
2024-06-24,50770308.89
2024-06-25,52465477.97
2024-06-26,52592615.79
2024-06-27,53440200.43
2024-06-28,53457672.05
2024-07-01,54103735.22
2024-07-02,55762254.77
2024-07-03,57132335.42
2024-07-05,57802950.88
2024-07-08,58063646.77
2024-07-09,58190840.02
2024-07-10,60013941.56
2024-07-11,56070956.02
2024-07-12,56184019.09
2024-07-15,56031521.63
2024-07-16,56072907.41
2024-07-17,51141526.34
2024-07-18,52286431.41
2024-07-19,52303552.50
2024-07-22,52671484.13
2024-07-23,52103289.17
2024-07-24,46485280.26
2024-07-25,46563407.20
2024-07-26,46588788.55
2024-07-29,46024364.33
2024-07-30,44147112.65
2024-07-31,47093065.65
2024-08-01,47104401.28
2024-08-02,47130166.35
2024-08-05,50942232.55
2024-08-06,50953365.83
2024-08-07,50964512.70
2024-08-08,50970077.08
2024-08-09,50981219.42
2024-08-12,51004001.85
2024-08-13,54714167.41
2024-08-14,55110146.64
2024-08-15,55116177.98
2024-08-16,55146256.30
2024-08-19,57256221.99
2024-08-20,56902885.73
2024-08-21,57681828.24
2024-08-22,54911362.44
2024-08-23,56637883.54
2024-08-26,55185019.72
2024-08-27,55652553.97
2024-08-28,55459093.85
2024-08-29,55459093.85
2024-08-30,55489308.16
2024-09-03,51453208.24
2024-09-04,51015836.55
2024-09-05,50454678.88
2024-09-06,50482251.16
2024-09-09,50953252.28
2024-09-10,52323843.54
2024-09-11,54582301.23
2024-09-12,54588270.29
2024-09-13,54618076.96
2024-09-16,54648699.39
2024-09-17,54681596.26
2024-09-18,53966109.67
2024-09-19,59048557.95
2024-09-20,59074330.40
2024-09-23,59105844.42
2024-09-24,59942444.92
2024-09-25,59959174.12
2024-09-26,61230810.45
2024-09-27,60176692.03
2024-09-30,61050699.07
2024-10-01,58465162.21
2024-10-02,58119865.81
2024-10-03,58132569.51
2024-10-04,58145288.59
2024-10-07,56964870.61
2024-10-08,59600314.67
2024-10-09,59606834.56
2024-10-10,59613333.43
2024-10-11,59645896.10
2024-10-14,60246781.73
2024-10-15,57843241.44
2024-10-16,57906488.05
2024-10-17,57919134.59
2024-10-18,57938089.10
2024-10-21,58718992.33
2024-10-22,58891114.87
2024-10-23,56168373.18
2024-10-24,57443679.77
2024-10-25,57468751.11
2024-10-28,56433990.06
2024-10-29,57995523.31
2024-10-30,56705561.56
2024-10-31,55302444.06
2024-11-01,55326032.27
2024-11-04,55048266.95
2024-11-05,56716873.24
2024-11-06,56729267.57
2024-11-07,56735469.72
2024-11-08,56766465.50
2024-11-11,56263031.17
2024-11-12,55956515.52
2024-11-13,55758981.25
2024-11-14,55758981.25
2024-11-15,55777238.79
2024-11-18,56414830.47
2024-11-19,57546554.97
2024-11-20,57479542.21
2024-11-21,58045404.46
2024-11-22,58261325.65
2024-11-25,57134766.38
2024-11-26,58021478.51
2024-11-27,56618730.17
2024-11-29,56785893.94
2024-12-02,58212978.07
2024-12-03,58728196.28
2024-12-04,60873775.73
2024-12-05,60372670.80
2024-12-06,61403112.60
2024-12-09,60311836.53
2024-12-10,59657267.90
2024-12-11,61149398.91
2024-12-12,61162753.48
2024-12-13,61182774.65
2024-12-16,62922904.71
2024-12-17,62079795.96
2024-12-18,55368647.22
2024-12-19,56839029.09
2024-12-20,56863932.32
2024-12-23,57961007.67
2024-12-24,60264186.94
2024-12-26,60134716.80
2024-12-27,57688446.63
2024-12-30,57731077.23
2024-12-31,56217818.45
2025-01-02,57219553.44
2025-01-03,57225809.97
2025-01-06,57393728.48
2025-01-07,54302108.90
2025-01-08,54261692.05
2025-01-10,54279498.60
2025-01-13,55736940.14
2025-01-14,55539008.03
2025-01-15,58676635.94
2025-01-16,58676635.94
2025-01-17,58708669.62
2025-01-21,58757332.60
2025-01-22,61037555.34
2025-01-23,61412952.46
2025-01-24,60307605.29
2025-01-27,61520293.44
2025-01-28,64248828.70
2025-01-29,63852373.44
2025-01-30,65189433.11
2025-01-31,65210759.75
2025-02-03,67048377.55
2025-02-04,69482120.77
2025-02-05,70387503.34
2025-02-06,70570242.73
2025-02-07,70585670.67
2025-02-10,71359349.66
2025-02-11,70851068.18
2025-02-12,70992718.72
2025-02-13,73984080.56
2025-02-14,74850658.72
2025-02-18,74660595.53
2025-02-19,74668857.12
2025-02-20,73760277.63
2025-02-21,74148484.11
2025-02-24,70821711.37
2025-02-25,68118733.10
2025-02-26,68961220.62
2025-02-27,68968726.50
2025-02-28,68983774.12
2025-03-03,63315271.20
2025-03-04,62619594.67
2025-03-05,62836432.67
2025-03-06,62843305.60
2025-03-07,62870791.88
2025-03-10,58754717.04
2025-03-11,58067067.10
2025-03-12,60847132.63
2025-03-13,60860415.89
2025-03-14,60873720.22
2025-03-17,62077596.24
2025-03-18,58948625.40
2025-03-19,59706269.66
2025-03-20,59719304.24
2025-03-21,59738869.01
2025-03-24,60727976.43
2025-03-25,61811584.87
2025-03-26,58202621.93
2025-03-27,57486336.19
2025-03-28,57505159.99
2025-03-31,60216474.75
2025-04-01,61603659.79
2025-04-02,62171145.83
2025-04-03,62177939.78
2025-04-04,62198337.74
2025-04-07,67239676.88
2025-04-08,67254387.72
2025-04-09,67254387.72
2025-04-10,67261731.53
2025-04-11,67291118.41
2025-04-14,64309042.55
2025-04-15,64555390.79
2025-04-16,60717595.09
2025-04-17,60744113.01
2025-04-21,58629215.58
2025-04-22,62270779.93
2025-04-23,62284370.64
2025-04-24,62284370.64
2025-04-25,62311541.33
2025-04-28,62080851.93
2025-04-29,63292015.55
2025-04-30,63880296.68
2025-05-01,63895672.26
2025-05-02,63916638.47
2025-05-05,64475645.94
2025-05-06,62642948.01
2025-05-07,62885832.84
2025-05-08,62899578.26
2025-05-09,62920196.40
2025-05-12,63168630.39
2025-05-13,66063816.95
2025-05-14,67229537.26
2025-05-15,68013052.83
2025-05-16,68042770.81
2025-05-19,71192988.19
2025-05-20,70447668.19
2025-05-21,67516079.22
2025-05-22,67863893.70
2025-05-23,65906185.29
2025-05-27,67769025.64
2025-05-28,66899698.68
2025-05-29,67224504.64
2025-05-30,66871040.84
2025-06-02,69219614.77
2025-06-03,70833866.73
2025-06-04,71404175.78
2025-06-05,72303128.79
2025-06-06,72326854.62
2025-06-09,72558650.80
2025-06-10,73960375.82
2025-06-11,73201103.15
2025-06-12,73678083.57
2025-06-13,70894106.06
2025-06-16,72411206.92
2025-06-17,70271346.47
2025-06-18,70175818.68
2025-06-20,69210971.21
2025-06-23,71093405.20
2025-06-24,74329249.55
2025-06-25,75071588.82
2025-06-26,75079773.77
2025-06-27,75112526.43
2025-06-30,75310370.55
2025-07-01,73395854.11
2025-07-02,73005691.83
2025-07-03,73045615.21
2025-07-07,72451456.63
2025-07-08,72547569.77
2025-07-09,74050422.56
2025-07-10,73709660.20
2025-07-11,73150460.09
2025-07-14,74023822.33
2025-07-15,74216297.55
2025-07-16,74426267.48
2025-07-17,76158537.77
2025-07-18,75896070.35
2025-07-21,76714012.26
2025-07-22,75520661.77
2025-07-23,76513666.22
2025-07-24,77018880.88
2025-07-25,77454409.38
2025-07-28,77644246.31
2025-07-29,77289703.23
2025-07-30,77557774.48
2025-07-31,76277968.96
2025-08-01,73718364.51
2025-08-04,75664324.21
2025-08-05,74089786.97
2025-08-06,76858201.93
2025-08-07,77636820.70
2025-08-08,79695833.13
2025-08-11,78944055.93
2025-08-12,81700832.91
2025-08-13,81709760.17
2025-08-14,81718680.48
2025-08-15,81754382.56
2025-08-18,82053910.32
2025-08-19,78706208.33
2025-08-20,78256916.69
2025-08-21,78256916.69
2025-08-22,78282528.24
2025-08-25,78264849.93
2025-08-26,79173383.29
2025-08-27,79531557.98
2025-08-28,80247900.16
2025-08-29,80282881.88
2025-09-02,82160914.94
2025-09-03,84076240.10
2025-09-04,86350096.66
2025-09-05,88633397.54
2025-09-08,88852964.30
2025-09-09,89578062.96
2025-09-10,89673468.95
2025-09-11,91180908.41
2025-09-12,92316259.39
2025-09-15,93819567.51
2025-09-16,93564285.09
2025-09-17,92968638.12
2025-09-18,95474149.64
2025-09-19,97365100.64
2025-09-22,99551593.51
2025-09-23,97545731.98
2025-09-24,96404960.88
2025-09-25,95112083.10
2025-09-26,95444807.40
2025-09-29,95268388.59
2025-09-30,96011224.63
2025-10-01,97366894.37
2025-10-02,99177547.46
2025-10-03,99199235.69
2025-10-06,98888339.34
2025-10-07,97290085.25
2025-10-08,97668864.88
2025-10-09,97668864.88
2025-10-10,97711545.25
2025-10-13,98831703.91
2025-10-14,96821172.77
2025-10-15,98802975.99
2025-10-16,97701979.88
2025-10-17,99559317.34
2025-10-20,101730875.93
2025-10-21,101617723.84
2025-10-22,98628692.95
2025-10-23,101099126.29
2025-10-24,104248450.58
2025-10-27,105987141.24
2025-10-28,108408555.58
2025-10-29,109792226.87
2025-10-30,104767325.58
2025-10-31,106251131.25
2025-11-03,104778499.38
2025-11-04,98367108.41
2025-11-05,98012886.46
2025-11-06,98023602.65
2025-11-07,98055742.98
2025-11-10,100102121.81
2025-11-11,99276152.73
2025-11-12,99071884.67
2025-11-13,92952610.95
2025-11-14,88796122.50
2025-11-17,87628317.17
2025-11-18,84459785.88
2025-11-19,84708803.86
2025-11-20,84727286.53
2025-11-21,84745783.45
2025-11-24,88887363.72
2025-11-25,90505705.49
2025-11-26,92071851.24
2025-11-28,92101969.79
2025-12-01,93753612.70
2025-12-02,95921826.45
2025-12-03,96598308.09
2025-12-04,96286084.78
2025-12-05,97396215.77
2025-12-08,96081011.99
2025-12-09,96442605.42
2025-12-10,97544614.78
2025-12-11,96614797.47
2025-12-12,90949807.40
2025-12-15,87517738.42
2025-12-16,88039280.39
2025-12-17,88577643.40
2025-12-18,88592194.37
2025-12-19,88621318.61
2025-12-22,87715862.47
2025-12-23,88944690.07
2025-12-24,89510602.47
2025-12-26,89429759.61
2025-12-29,89759212.86
2025-12-30,89116776.19
2025-12-31,86843561.91
2026-01-02,89232083.88
2026-01-05,88653188.15
2026-01-06,90985295.47
2026-01-07,91464951.57
2026-01-08,91464951.57
2026-01-09,91484965.52
2026-01-12,93656664.49
2026-01-13,93170700.67
2026-01-14,90204660.66
2026-01-15,93254492.39
2026-01-16,93295257.74
2026-01-20,92107133.49
2026-01-21,95629464.28
2026-01-22,95639903.47
2026-01-23,95671245.03
2026-01-26,96753216.27
2026-01-27,99317841.90
2026-01-28,100231271.59
2026-01-29,98439544.90
2026-01-30,94856091.53
2026-02-02,98332792.77
2026-02-03,93728466.39
2026-02-04,88802900.34
2026-02-05,86357967.36
2026-02-06,86386308.17
2026-02-09,89285409.10
2026-02-10,88042935.39
2026-02-11,88698686.13
2026-02-12,83280123.90
2026-02-13,83090307.38
2026-02-17,84337847.20
2026-02-18,86151940.56
2026-02-19,85175126.17
2026-02-20,87320637.75
2026-02-23,85055683.55
2026-02-24,87770971.01
2026-02-25,89516518.40
